frame_id,steering_angle,label
HMB_4/center/1479425729831388501.jpg, 0.0168040372934, 1
HMB_4/center/1479425729881120069.jpg, 0.0142163810881, 1
HMB_4/center/1479425729931106688.jpg, 0.00579410940918, 1
HMB_4/center/1479425729981076760.jpg, -0.00117415000813, 1
HMB_4/center/1479425730031118702.jpg, -0.00816982701486, 1
HMB_4/center/1479425730081148517.jpg, -0.0136802986119, 1
HMB_4/center/1479425730131106872.jpg, -0.0157079640776, 1
HMB_4/center/1479425730331103013.jpg, -0.0157079640776, 1
HMB_4/center/1479425730381154894.jpg, -0.0157079640776, 1
HMB_4/center/1479425730431228626.jpg, -0.0157079640776, 1
HMB_4/center/1479425730481172304.jpg, -0.0125605991762, 1
HMB_4/center/1479425730531147589.jpg, -0.00767374996112, 1
HMB_4/center/1479425730581104348.jpg, 0.00102702089336, 1
HMB_4/center/1479425730631138780.jpg, 0.00523598771542, 1
HMB_4/center/1479425730831205405.jpg, 0.00174532923847, 1
HMB_4/center/1479425730881207333.jpg, 0.00349065847695, 1
HMB_4/center/1479425730931278086.jpg, 0.00349065847695, 1
HMB_4/center/1479425730981360394.jpg, 0.00349065847695, 1
HMB_4/center/1479425731031243212.jpg, 0.00349065847695, 1
HMB_4/center/1479425731081296618.jpg, 0.00349065847695, 1
HMB_4/center/1479425731131320872.jpg, 0.00174532923847, 1
HMB_4/center/1479425731331364043.jpg, 0.00174532923847, 1
HMB_4/center/1479425731381449591.jpg, 0.00174532923847, 1
HMB_4/center/1479425731431336479.jpg, 0.00174532923847, 1
HMB_4/center/1479425731481355342.jpg, 0.00174532923847, 1
HMB_4/center/1479425731531391005.jpg, 0.00214078201555, 1
HMB_4/center/1479425731581346716.jpg, 0.00349065847695, 1
HMB_4/center/1479425731631377311.jpg, 0.00349065847695, 1
HMB_4/center/1479425731831376416.jpg, 0.0324692653704, 2
HMB_4/center/1479425731881468095.jpg, 0.0455371395009, 2
HMB_4/center/1479425731931409171.jpg, 0.0586015868168, 2
HMB_4/center/1479425731981507145.jpg, 0.0645771846175, 2
HMB_4/center/1479425732031435213.jpg, 0.0645771846175, 2
HMB_4/center/1479425732081479474.jpg, 0.0628318563104, 2
HMB_4/center/1479425732131473221.jpg, 0.0608094457182, 2
HMB_4/center/1479425732331526451.jpg, 0.0431161962919, 2
HMB_4/center/1479425732381612326.jpg, 0.0383972451091, 2
HMB_4/center/1479425732431519171.jpg, 0.0346306165053, 2
HMB_4/center/1479425732481585355.jpg, 0.0291439853151, 2
HMB_4/center/1479425732531508356.jpg, 0.0164538840459, 1
HMB_4/center/1479425732581601200.jpg, 0.00123550169647, 1
HMB_4/center/1479425732631576609.jpg, -0.0107241561837, 1
HMB_4/center/1479425732831606706.jpg, 0.00523598771542, 1
HMB_4/center/1479425732881578299.jpg, 0.00523598771542, 1
HMB_4/center/1479425732931614139.jpg, 0.00523598771542, 1
HMB_4/center/1479425732981578186.jpg, 0.00523598771542, 1
HMB_4/center/1479425733031569261.jpg, 0.00523598771542, 1
HMB_4/center/1479425733081577840.jpg, 0.00523598771542, 1
HMB_4/center/1479425733131596790.jpg, 0.00523598771542, 1
HMB_4/center/1479425733331677876.jpg, 0.00365049621066, 1
HMB_4/center/1479425733381797942.jpg, 0.00349065847695, 1
HMB_4/center/1479425733431638919.jpg, 0.00509799594169, 1
HMB_4/center/1479425733481700541.jpg, 0.00450099483784, 1
HMB_4/center/1479425733531792215.jpg, 0.00523598771542, 1
HMB_4/center/1479425733581885041.jpg, 0.00523598771542, 1
HMB_4/center/1479425733631721011.jpg, 0.00523598771542, 1
HMB_4/center/1479425733831786857.jpg, 0.00174532923847, 1
HMB_4/center/1479425733882107403.jpg, 0.00174532923847, 1
HMB_4/center/1479425733931830258.jpg, 0.00174532923847, 1
HMB_4/center/1479425733981797029.jpg, 0.00174532923847, 1
HMB_4/center/1479425734031861815.jpg, 0.00174532923847, 1
HMB_4/center/1479425734081792993.jpg, 0.00174532923847, 1
HMB_4/center/1479425734131834353.jpg, 0.00169335553465, 1
HMB_4/center/1479425734331846510.jpg, 0.0, 1
HMB_4/center/1479425734381840197.jpg, 0.0, 1
HMB_4/center/1479425734431904523.jpg, 0.0, 1
HMB_4/center/1479425734481994286.jpg, 0.00174532923847, 1
HMB_4/center/1479425734531970676.jpg, 0.00174532923847, 1
HMB_4/center/1479425734581955554.jpg, 0.00174532923847, 1
HMB_4/center/1479425734631904933.jpg, 0.00174532923847, 1
HMB_4/center/1479425734831926287.jpg, 0.0, 1
HMB_4/center/1479425734882043881.jpg, 0.0, 1
HMB_4/center/1479425734931958294.jpg, 0.0, 1
HMB_4/center/1479425734981994406.jpg, 0.0, 1
HMB_4/center/1479425735031977763.jpg, 0.0, 1
HMB_4/center/1479425735081923329.jpg, 0.0, 1
HMB_4/center/1479425735131926767.jpg, -0.0016601602387, 1
HMB_4/center/1479425735331991504.jpg, -0.0279252678156, 0
HMB_4/center/1479425735382060714.jpg, -0.0261799395084, 0
HMB_4/center/1479425735432021620.jpg, -0.0228176482884, 0
HMB_4/center/1479425735482155815.jpg, -0.0184447266137, 1
HMB_4/center/1479425735532063349.jpg, -0.0158425136077, 1
HMB_4/center/1479425735582139648.jpg, -0.0157079640776, 1
HMB_4/center/1479425735632058854.jpg, -0.0157079640776, 1
HMB_4/center/1479425735832191992.jpg, -0.014125633591, 1
HMB_4/center/1479425735882107722.jpg, -0.0139626339078, 1
HMB_4/center/1479425735932196285.jpg, -0.0139626339078, 1
HMB_4/center/1479425735982145112.jpg, -0.0132814287239, 1
HMB_4/center/1479425736032170877.jpg, -0.0122173046693, 1
HMB_4/center/1479425736082138344.jpg, -0.0122173046693, 1
HMB_4/center/1479425736132131232.jpg, -0.0104719754308, 1
HMB_4/center/1479425736332089422.jpg, -0.00349065847695, 1
HMB_4/center/1479425736382240208.jpg, -0.00349065847695, 1
HMB_4/center/1479425736432156508.jpg, -0.00349065847695, 1
HMB_4/center/1479425736482173187.jpg, -0.00174532923847, 1
HMB_4/center/1479425736532234728.jpg, 0.00147803799378, 1
HMB_4/center/1479425736582264839.jpg, 0.00294826412509, 1
HMB_4/center/1479425736632243826.jpg, 0.0067007770191, 1
HMB_4/center/1479425736832263899.jpg, 0.0104719754308, 1
HMB_4/center/1479425736882230171.jpg, 0.0104719754308, 1
HMB_4/center/1479425736932334382.jpg, 0.0104719754308, 1
HMB_4/center/1479425736982361325.jpg, 0.0122173046693, 1
HMB_4/center/1479425737032291778.jpg, 0.0122173046693, 1
HMB_4/center/1479425737082270520.jpg, 0.0104719754308, 1
HMB_4/center/1479425737132363384.jpg, 0.00732306862497, 1
HMB_4/center/1479425737332335975.jpg, -0.0170783838841, 1
HMB_4/center/1479425737382355935.jpg, -0.0209439508617, 0
HMB_4/center/1479425737432338941.jpg, -0.0209439508617, 0
HMB_4/center/1479425737482420585.jpg, -0.0209439508617, 0
HMB_4/center/1479425737532339598.jpg, -0.0222836621759, 0
HMB_4/center/1479425737582374249.jpg, -0.0226892810315, 0
HMB_4/center/1479425737632450815.jpg, -0.0226892810315, 0
HMB_4/center/1479425737832537394.jpg, -0.00741046484317, 1
HMB_4/center/1479425737882404785.jpg, -0.0069813169539, 1
HMB_4/center/1479425737932434138.jpg, -0.00872664619237, 1
HMB_4/center/1479425737982405924.jpg, -0.00872664619237, 1
HMB_4/center/1479425738032603496.jpg, -0.00872664619237, 1
HMB_4/center/1479425738082507391.jpg, -0.0104719754308, 1
HMB_4/center/1479425738132542032.jpg, -0.0117428798122, 1
HMB_4/center/1479425738332544911.jpg, -0.0221858204056, 0
HMB_4/center/1479425738382529953.jpg, -0.0247977421995, 0
HMB_4/center/1479425738432575510.jpg, -0.0274108736135, 0
HMB_4/center/1479425738482604174.jpg, -0.0317682911461, 0
HMB_4/center/1479425738532555947.jpg, -0.0331612564623, 0
HMB_4/center/1479425738582606406.jpg, -0.0331612564623, 0
HMB_4/center/1479425738632541681.jpg, -0.0331612564623, 0
HMB_4/center/1479425738832652438.jpg, -0.0331612564623, 0
HMB_4/center/1479425738882667586.jpg, -0.0331612564623, 0
HMB_4/center/1479425738932667955.jpg, -0.0331612564623, 0
HMB_4/center/1479425738982642033.jpg, -0.0354722070224, 0
HMB_4/center/1479425739032637432.jpg, -0.0401425734162, 0
HMB_4/center/1479425739082661555.jpg, -0.0401425734162, 0
HMB_4/center/1479425739132660017.jpg, -0.0401425734162, 0
HMB_4/center/1479425739332709638.jpg, -0.0637720312915, 0
HMB_4/center/1479425739382686623.jpg, -0.0809695508039, 0
HMB_4/center/1479425739433089197.jpg, -0.094127256049, 0
HMB_4/center/1479425739482653408.jpg, -0.101438605773, 0
HMB_4/center/1479425739532746338.jpg, -0.105804769463, 0
HMB_4/center/1479425739582723693.jpg, -0.110361116723, 0
HMB_4/center/1479425739632691902.jpg, -0.120802236486, 0
HMB_4/center/1479425739832900771.jpg, -0.134390354156, 0
HMB_4/center/1479425739882794894.jpg, -0.134390354156, 0
HMB_4/center/1479425739932818699.jpg, -0.134390354156, 0
HMB_4/center/1479425739982879989.jpg, -0.134233536938, 0
HMB_4/center/1479425740032836662.jpg, -0.129882065302, 0
HMB_4/center/1479425740082796475.jpg, -0.121900466378, 0
HMB_4/center/1479425740132931514.jpg, -0.114180783156, 0
HMB_4/center/1479425740332874261.jpg, -0.123150551893, 0
HMB_4/center/1479425740382966093.jpg, -0.125663712621, 0
HMB_4/center/1479425740433012936.jpg, -0.125663712621, 0
HMB_4/center/1479425740482962189.jpg, -0.125754899958, 0
HMB_4/center/1479425740532965361.jpg, -0.131068146561, 0
HMB_4/center/1479425740583063848.jpg, -0.143369427508, 0
HMB_4/center/1479425740632960526.jpg, -0.163664319157, 0
HMB_4/center/1479425740832982155.jpg, -0.267035365105, 0
HMB_4/center/1479425740883062964.jpg, -0.26000111612, 0
HMB_4/center/1479425740933095714.jpg, -0.250373515695, 0
HMB_4/center/1479425740983026654.jpg, -0.242579130012, 0
HMB_4/center/1479425741033017607.jpg, -0.239990948614, 0
HMB_4/center/1479425741083096310.jpg, -0.23911011219, 0
HMB_4/center/1479425741133075183.jpg, -0.23911011219, 0
HMB_4/center/1479425741333090521.jpg, -0.242600768805, 0
HMB_4/center/1479425741383102557.jpg, -0.246057233373, 0
HMB_4/center/1479425741433001652.jpg, -0.248659606854, 0
HMB_4/center/1479425741483104801.jpg, -0.251282032063, 0
HMB_4/center/1479425741533059276.jpg, -0.25563589542, 0
HMB_4/center/1479425741583062498.jpg, -0.263420365412, 0
HMB_4/center/1479425741633089467.jpg, -0.272945623505, 0
HMB_4/center/1479425741833163870.jpg, -0.313979089656, 0
HMB_4/center/1479425741883234337.jpg, -0.315904587507, 0
HMB_4/center/1479425741933075671.jpg, -0.31264219612, 0
HMB_4/center/1479425741983138619.jpg, -0.308923274279, 0
HMB_4/center/1479425742033142240.jpg, -0.308923274279, 0
HMB_4/center/1479425742083116291.jpg, -0.308923274279, 0
HMB_4/center/1479425742133239219.jpg, -0.310668617487, 0
HMB_4/center/1479425742333182714.jpg, -0.314159274101, 0
HMB_4/center/1479425742383197587.jpg, -0.314159274101, 0
HMB_4/center/1479425742433160005.jpg, -0.314159274101, 0
HMB_4/center/1479425742483241481.jpg, -0.312413930893, 0
HMB_4/center/1479425742533209715.jpg, -0.312413930893, 0
HMB_4/center/1479425742583277264.jpg, -0.312413930893, 0
HMB_4/center/1479425742633210049.jpg, -0.312413930893, 0
HMB_4/center/1479425742833274667.jpg, -0.312413930893, 0
HMB_4/center/1479425742883287310.jpg, -0.312413930893, 0
HMB_4/center/1479425742933347811.jpg, -0.312413930893, 0
HMB_4/center/1479425742983269822.jpg, -0.312413930893, 0
HMB_4/center/1479425743033275176.jpg, -0.312413930893, 0
HMB_4/center/1479425743083331668.jpg, -0.312413930893, 0
HMB_4/center/1479425743133425582.jpg, -0.311806061503, 0
HMB_4/center/1479425743333362550.jpg, -0.312413930893, 0
HMB_4/center/1479425743383386072.jpg, -0.310967122416, 0
HMB_4/center/1479425743433392070.jpg, -0.306046056932, 0
HMB_4/center/1479425743483382328.jpg, -0.297336160423, 0
HMB_4/center/1479425743533374605.jpg, -0.290919808826, 0
HMB_4/center/1479425743583387942.jpg, -0.287979334593, 0
HMB_4/center/1479425743633380256.jpg, -0.290252327768, 0
HMB_4/center/1479425743833448146.jpg, -0.308923274279, 0
HMB_4/center/1479425743883480623.jpg, -0.310668617487, 0
HMB_4/center/1479425743933439319.jpg, -0.312413930893, 0
HMB_4/center/1479425743983470065.jpg, -0.312413930893, 0
HMB_4/center/1479425744033450893.jpg, -0.314159274101, 0
HMB_4/center/1479425744083562619.jpg, -0.315904587507, 0
HMB_4/center/1479425744133500013.jpg, -0.315904587507, 0
HMB_4/center/1479425744333547944.jpg, -0.315904587507, 0
HMB_4/center/1479425744383534040.jpg, -0.315904587507, 0
HMB_4/center/1479425744433540446.jpg, -0.315904587507, 0
HMB_4/center/1479425744483554432.jpg, -0.315904587507, 0
HMB_4/center/1479425744533562049.jpg, -0.32156114424, 0
HMB_4/center/1479425744583614586.jpg, -0.327661259373, 0
HMB_4/center/1479425744633599607.jpg, -0.331612557173, 0
HMB_4/center/1479425744833619029.jpg, -0.310514146479, 0
HMB_4/center/1479425744883626051.jpg, -0.285738253327, 0
HMB_4/center/1479425744933645213.jpg, -0.260338135977, 0
HMB_4/center/1479425744983666876.jpg, -0.246604791273, 0
HMB_4/center/1479425745033711450.jpg, -0.244704618779, 0
HMB_4/center/1479425745083708689.jpg, -0.251511475306, 0
HMB_4/center/1479425745133649927.jpg, -0.25864659368, 0
HMB_4/center/1479425745333829592.jpg, -0.247515341695, 0
HMB_4/center/1479425745383739213.jpg, -0.241420938826, 0
HMB_4/center/1479425745433728777.jpg, -0.240554363273, 0
HMB_4/center/1479425745483782545.jpg, -0.240855440497, 0
HMB_4/center/1479425745533803419.jpg, -0.242892542575, 0
HMB_4/center/1479425745583848397.jpg, -0.246091425419, 0
HMB_4/center/1479425745633825989.jpg, -0.249582082033, 0
HMB_4/center/1479425745833811294.jpg, -0.285391919195, 0
HMB_4/center/1479425745883814394.jpg, -0.308632679735, 0
HMB_4/center/1479425745933817008.jpg, -0.332734214113, 0
HMB_4/center/1479425745983865449.jpg, -0.344933744613, 0
HMB_4/center/1479425746033839028.jpg, -0.345131521572, 0
HMB_4/center/1479425746083922384.jpg, -0.337077912871, 0
HMB_4/center/1479425746133856242.jpg, -0.327926308862, 0
HMB_4/center/1479425746333939893.jpg, -0.319395244122, 0
HMB_4/center/1479425746383868407.jpg, -0.319395244122, 0
HMB_4/center/1479425746433911307.jpg, -0.315904587507, 0
HMB_4/center/1479425746483889943.jpg, -0.313124270131, 0
HMB_4/center/1479425746533999368.jpg, -0.312413930893, 0
HMB_4/center/1479425746583953496.jpg, -0.312413930893, 0
HMB_4/center/1479425746633968500.jpg, -0.312270339626, 0
HMB_4/center/1479425746833962531.jpg, -0.298108741131, 0
HMB_4/center/1479425746883971463.jpg, -0.289506915264, 0
HMB_4/center/1479425746933950690.jpg, -0.282545570424, 0
HMB_4/center/1479425746984011398.jpg, -0.279252678156, 0
HMB_4/center/1479425747033987758.jpg, -0.27750736475, 0
HMB_4/center/1479425747084017810.jpg, -0.27750736475, 0
HMB_4/center/1479425747133995187.jpg, -0.27750736475, 0
HMB_4/center/1479425747334117205.jpg, -0.275810205452, 0
HMB_4/center/1479425747384210638.jpg, -0.278433967747, 0
HMB_4/center/1479425747434070834.jpg, -0.279282200729, 0
HMB_4/center/1479425747484162303.jpg, -0.28274333477, 0
HMB_4/center/1479425747534257683.jpg, -0.28274333477, 0
HMB_4/center/1479425747584161605.jpg, -0.28274333477, 0
HMB_4/center/1479425747634227326.jpg, -0.284488677979, 0
HMB_4/center/1479425747834233312.jpg, -0.284488677979, 0
HMB_4/center/1479425747884159177.jpg, -0.284488677979, 0
HMB_4/center/1479425747934182253.jpg, -0.284488677979, 0
HMB_4/center/1479425747984260843.jpg, -0.28274333477, 0
HMB_4/center/1479425748034242250.jpg, -0.281038648919, 0
HMB_4/center/1479425748084234594.jpg, -0.280998021364, 0
HMB_4/center/1479425748134247093.jpg, -0.280998021364, 0
HMB_4/center/1479425748334278046.jpg, -0.275841107162, 0
HMB_4/center/1479425748384315750.jpg, -0.275762021542, 0
HMB_4/center/1479425748434343866.jpg, -0.274106630689, 0
HMB_4/center/1479425748484418676.jpg, -0.272271364927, 0
HMB_4/center/1479425748534346232.jpg, -0.267251473052, 0
HMB_4/center/1479425748584307553.jpg, -0.258545747299, 0
HMB_4/center/1479425748634493784.jpg, -0.24815472149, 0
HMB_4/center/1479425748834387796.jpg, -0.190839511076, 0
HMB_4/center/1479425748884375924.jpg, -0.169202381174, 0
HMB_4/center/1479425748934357230.jpg, -0.147434977213, 0
HMB_4/center/1479425748984366003.jpg, -0.129850702177, 0
HMB_4/center/1479425749034396861.jpg, -0.11903251589, 0
HMB_4/center/1479425749084409907.jpg, -0.11344639957, 0
HMB_4/center/1479425749134457958.jpg, -0.11344639957, 0
HMB_4/center/1479425749334479011.jpg, -0.125663712621, 0
HMB_4/center/1479425749384596845.jpg, -0.121506054755, 0
HMB_4/center/1479425749434526956.jpg, -0.114133866666, 0
HMB_4/center/1479425749484514897.jpg, -0.0992929795251, 0
HMB_4/center/1479425749534467738.jpg, -0.0815475204306, 0
HMB_4/center/1479425749584533805.jpg, -0.0590315408925, 0
HMB_4/center/1479425749634529848.jpg, -0.0408852858574, 0
HMB_4/center/1479425749834521893.jpg, -0.0209439508617, 0
HMB_4/center/1479425749884638236.jpg, -0.0209439508617, 0
HMB_4/center/1479425749934687399.jpg, -0.0209439508617, 0
HMB_4/center/1479425749984589877.jpg, -0.0191986225545, 1
HMB_4/center/1479425750034565971.jpg, -0.0191986225545, 1
HMB_4/center/1479425750084622041.jpg, -0.0191986225545, 1
HMB_4/center/1479425750134669819.jpg, -0.0191986225545, 1
HMB_4/center/1479425750334657508.jpg, -0.0059195861799, 1
HMB_4/center/1479425750384608730.jpg, -0.00297044038564, 1
HMB_4/center/1479425750434697676.jpg, 0.00139319691347, 1
HMB_4/center/1479425750484646854.jpg, 0.00174532923847, 1
HMB_4/center/1479425750534754170.jpg, 0.00313167215365, 1
HMB_4/center/1479425750584646688.jpg, 0.0069813169539, 1
HMB_4/center/1479425750634730425.jpg, 0.0100959304571, 1
HMB_4/center/1479425750834723441.jpg, 0.0515032230147, 2
HMB_4/center/1479425750885316604.jpg, 0.0615936024166, 2
HMB_4/center/1479425750934729260.jpg, 0.0645771846175, 2
HMB_4/center/1479425750984804302.jpg, 0.0663225129247, 2
HMB_4/center/1479425751034739716.jpg, 0.0680678412318, 2
HMB_4/center/1479425751084833503.jpg, 0.0750491544604, 2
HMB_4/center/1479425751134789572.jpg, 0.0763484359544, 2
HMB_4/center/1479425751334748540.jpg, 0.0767944902182, 2
HMB_4/center/1479425751384906004.jpg, 0.0771927326894, 2
HMB_4/center/1479425751434846477.jpg, 0.0785398185253, 2
HMB_4/center/1479425751484800437.jpg, 0.0785398185253, 2
HMB_4/center/1479425751534840041.jpg, 0.0785398185253, 2
HMB_4/center/1479425751584887079.jpg, 0.0767944902182, 2
HMB_4/center/1479425751634875726.jpg, 0.0725822646956, 2
HMB_4/center/1479425751834848654.jpg, 0.0179997006402, 1
HMB_4/center/1479425751884901474.jpg, 0.0139626339078, 1
HMB_4/center/1479425751934903254.jpg, 0.0098384485898, 1
HMB_4/center/1479425751984919832.jpg, 0.00523598771542, 1
HMB_4/center/1479425752034969060.jpg, 0.00174532923847, 1
HMB_4/center/1479425752084958145.jpg, -0.00203998128922, 1
HMB_4/center/1479425752134985595.jpg, -0.00640420403474, 1
HMB_4/center/1479425752334991058.jpg, -0.00985656223478, 1
HMB_4/center/1479425752385522816.jpg, -0.0180567883713, 1
HMB_4/center/1479425752434998395.jpg, -0.0260722642345, 0
HMB_4/center/1479425752485046008.jpg, -0.0331612564623, 0
HMB_4/center/1479425752535029604.jpg, -0.0331612564623, 0
HMB_4/center/1479425752585013914.jpg, -0.032930215589, 0
HMB_4/center/1479425752634989861.jpg, -0.0285733865845, 0
HMB_4/center/1479425752835217505.jpg, -0.0191986225545, 1
HMB_4/center/1479425752885128347.jpg, -0.0174532923847, 1
HMB_4/center/1479425752935131835.jpg, -0.0146521606958, 1
HMB_4/center/1479425752985121808.jpg, -0.0101043337701, 1
HMB_4/center/1479425753035099869.jpg, -0.0014142051014, 1
HMB_4/center/1479425753085141246.jpg, 0.00382595902606, 1
HMB_4/center/1479425753135151751.jpg, 0.00872664619237, 1
HMB_4/center/1479425753335195000.jpg, 0.00248036661343, 1
HMB_4/center/1479425753385135566.jpg, 0.00174532923847, 1
HMB_4/center/1479425753435090091.jpg, 0.00174532923847, 1
HMB_4/center/1479425753485169532.jpg, 0.00174532923847, 1
HMB_4/center/1479425753535170609.jpg, 0.00174532923847, 1
HMB_4/center/1479425753585251030.jpg, -0.00184787103884, 1
HMB_4/center/1479425753635152596.jpg, -0.00445353495582, 1
HMB_4/center/1479425753835279459.jpg, -0.00349065847695, 1
HMB_4/center/1479425753885592217.jpg, -0.00349065847695, 1
HMB_4/center/1479425753935203965.jpg, -0.00349065847695, 1
HMB_4/center/1479425753985311635.jpg, -0.00349065847695, 1
HMB_4/center/1479425754035204586.jpg, -0.00349065847695, 1
HMB_4/center/1479425754085280446.jpg, -0.00349065847695, 1
HMB_4/center/1479425754135313319.jpg, -0.00349065847695, 1
HMB_4/center/1479425754335279733.jpg, 0.00174532923847, 1
HMB_4/center/1479425754385286015.jpg, 0.00174532923847, 1
HMB_4/center/1479425754435370069.jpg, 0.00174532923847, 1
HMB_4/center/1479425754485195829.jpg, 0.00174532923847, 1
HMB_4/center/1479425754535353355.jpg, 0.00174532923847, 1
HMB_4/center/1479425754585331497.jpg, 0.00174532923847, 1
HMB_4/center/1479425754635495700.jpg, 0.00433636613664, 1
HMB_4/center/1479425754835414061.jpg, 0.0173257200933, 1
HMB_4/center/1479425754885484025.jpg, 0.0191986225545, 1
HMB_4/center/1479425754935488771.jpg, 0.0183981257348, 1
HMB_4/center/1479425754985435744.jpg, 0.0157079640776, 1
HMB_4/center/1479425755035441315.jpg, 0.0157079640776, 1
HMB_4/center/1479425755085528638.jpg, 0.0157079640776, 1
HMB_4/center/1479425755135528035.jpg, 0.0157079640776, 1
HMB_4/center/1479425755335492265.jpg, 0.0139626339078, 1
HMB_4/center/1479425755386103304.jpg, 0.00890029512618, 1
HMB_4/center/1479425755435542252.jpg, 0.00872664619237, 1
HMB_4/center/1479425755485565539.jpg, 0.00872664619237, 1
HMB_4/center/1479425755535509974.jpg, 0.00801401693934, 1
HMB_4/center/1479425755585514053.jpg, 0.0069813169539, 1
HMB_4/center/1479425755635542332.jpg, 0.00629252705532, 1
HMB_4/center/1479425755835547437.jpg, 0.00174532923847, 1
HMB_4/center/1479425755885620787.jpg, -0.00154237619823, 1
HMB_4/center/1479425755935599971.jpg, -0.00349065847695, 1
HMB_4/center/1479425755985648597.jpg, -0.00523598771542, 1
HMB_4/center/1479425756035717376.jpg, -0.00523598771542, 1
HMB_4/center/1479425756085690203.jpg, -0.00523598771542, 1
HMB_4/center/1479425756135653671.jpg, -0.00523598771542, 1
HMB_4/center/1479425756335663958.jpg, -0.00523598771542, 1
HMB_4/center/1479425756385741733.jpg, -0.00523598771542, 1
HMB_4/center/1479425756435682329.jpg, -0.00523598771542, 1
HMB_4/center/1479425756485739700.jpg, -0.00523598771542, 1
HMB_4/center/1479425756535716032.jpg, -0.00582034980119, 1
HMB_4/center/1479425756585736618.jpg, -0.0069813169539, 1
HMB_4/center/1479425756635705993.jpg, -0.00872664619237, 1
HMB_4/center/1479425756835722475.jpg, -0.00872664619237, 1
HMB_4/center/1479425756886322342.jpg, -0.00552468024473, 1
HMB_4/center/1479425756935803275.jpg, -0.00523598771542, 1
HMB_4/center/1479425756985818452.jpg, -0.00349065847695, 1
HMB_4/center/1479425757035822731.jpg, -0.00349065847695, 1
HMB_4/center/1479425757085811030.jpg, -0.00349065847695, 1
HMB_4/center/1479425757135850793.jpg, 0.0, 1
HMB_4/center/1479425757335841749.jpg, 0.0, 1
HMB_4/center/1479425757385856633.jpg, -0.00266781612093, 1
HMB_4/center/1479425757435870949.jpg, -0.00220801336822, 1
HMB_4/center/1479425757485890527.jpg, -0.00789844799252, 1
HMB_4/center/1479425757535861160.jpg, -0.0166057327628, 1
HMB_4/center/1479425757585886987.jpg, -0.0191986225545, 1
HMB_4/center/1479425757636008195.jpg, -0.0226892810315, 0
HMB_4/center/1479425757836013025.jpg, -0.0226892810315, 0
HMB_4/center/1479425757885916740.jpg, -0.0226892810315, 0
HMB_4/center/1479425757936021389.jpg, -0.0226892810315, 0
HMB_4/center/1479425757985961277.jpg, -0.0226892810315, 0
HMB_4/center/1479425758035968603.jpg, -0.0248181971591, 0
HMB_4/center/1479425758086053368.jpg, -0.0291834508196, 0
HMB_4/center/1479425758135985378.jpg, -0.0335347503409, 0
HMB_4/center/1479425758336049319.jpg, -0.0593411959708, 0
HMB_4/center/1479425758386101970.jpg, -0.0593411959708, 0
HMB_4/center/1479425758436054971.jpg, -0.0555165633968, 0
HMB_4/center/1479425758486029145.jpg, -0.0523598790169, 0
HMB_4/center/1479425758536085989.jpg, -0.0506145469844, 0
HMB_4/center/1479425758586104655.jpg, -0.0488692186773, 0
HMB_4/center/1479425758636089630.jpg, -0.0488692186773, 0
HMB_4/center/1479425758836111578.jpg, -0.0471238903701, 0
HMB_4/center/1479425758886127876.jpg, -0.0442488567185, 0
HMB_4/center/1479425758936120401.jpg, -0.0418879017234, 0
HMB_4/center/1479425758986151045.jpg, -0.0418879017234, 0
HMB_4/center/1479425759036212020.jpg, -0.0418879017234, 0
HMB_4/center/1479425759086129538.jpg, -0.0441236759266, 0
HMB_4/center/1479425759136164006.jpg, -0.049109115068, 0
HMB_4/center/1479425759336194224.jpg, -0.0628318563104, 0
HMB_4/center/1479425759386174384.jpg, -0.0628318563104, 0
HMB_4/center/1479425759436202776.jpg, -0.0628318563104, 0
HMB_4/center/1479425759486234638.jpg, -0.0628318563104, 0
HMB_4/center/1479425759536299510.jpg, -0.0628318563104, 0
HMB_4/center/1479425759586223684.jpg, -0.0628318563104, 0
HMB_4/center/1479425759636265360.jpg, -0.0610865242779, 0
HMB_4/center/1479425759836271790.jpg, -0.0483564591028, 0
HMB_4/center/1479425759886292458.jpg, -0.0260953533808, 0
HMB_4/center/1479425759936263588.jpg, -0.00116484183212, 1
HMB_4/center/1479425759986301947.jpg, 0.0159533948071, 1
HMB_4/center/1479425760036287882.jpg, 0.0173436967266, 1
HMB_4/center/1479425760086289073.jpg, 0.0110277232255, 1
HMB_4/center/1479425760136344503.jpg, 0.00141926773031, 1
HMB_4/center/1479425760336537634.jpg, -0.0191986225545, 1
HMB_4/center/1479425760386406844.jpg, -0.0191986225545, 1
HMB_4/center/1479425760436508141.jpg, -0.0191986225545, 1
HMB_4/center/1479425760486365393.jpg, -0.0191986225545, 1
HMB_4/center/1479425760536424467.jpg, -0.0191986225545, 1
HMB_4/center/1479425760586503066.jpg, -0.0191986225545, 1
HMB_4/center/1479425760636428846.jpg, -0.0191986225545, 1
HMB_4/center/1479425760836411402.jpg, -0.0401491324525, 0
HMB_4/center/1479425760886440201.jpg, -0.045378562063, 0
HMB_4/center/1479425760936449633.jpg, -0.045378562063, 0
HMB_4/center/1479425760986491123.jpg, -0.045378562063, 0
HMB_4/center/1479425761036491424.jpg, -0.045378562063, 0
HMB_4/center/1479425761086458847.jpg, -0.045378562063, 0
HMB_4/center/1479425761136512262.jpg, -0.045378562063, 0
HMB_4/center/1479425761336412888.jpg, -0.0436332300305, 0
HMB_4/center/1479425761386435076.jpg, -0.0418879017234, 0
HMB_4/center/1479425761436468655.jpg, -0.0401425734162, 0
HMB_4/center/1479425761486521289.jpg, -0.0358521975999, 0
HMB_4/center/1479425761536743000.jpg, -0.0315451639179, 0
HMB_4/center/1479425761586688752.jpg, -0.0279252678156, 0
HMB_4/center/1479425761636672622.jpg, -0.0279252678156, 0
HMB_4/center/1479425761837075098.jpg, -0.0279252678156, 0
HMB_4/center/1479425761886558739.jpg, -0.027183549, 0
HMB_4/center/1479425761936628881.jpg, -0.027794163132, 0
HMB_4/center/1479425761986643687.jpg, -0.0271885510232, 0
HMB_4/center/1479425762036574491.jpg, -0.0277735389535, 0
HMB_4/center/1479425762087254404.jpg, -0.0279252678156, 0
HMB_4/center/1479425762136735627.jpg, -0.0279252678156, 0
HMB_4/center/1479425762336789638.jpg, -0.0226892810315, 0
HMB_4/center/1479425762386791197.jpg, -0.0226892810315, 0
HMB_4/center/1479425762436861797.jpg, -0.0211290748265, 0
HMB_4/center/1479425762486905972.jpg, -0.016772027773, 1
HMB_4/center/1479425762536866972.jpg, -0.0141609729745, 1
HMB_4/center/1479425762586826338.jpg, -0.0104719754308, 1
HMB_4/center/1479425762636866249.jpg, -0.00719362532569, 1
HMB_4/center/1479425762836983262.jpg, -0.0104719754308, 1
HMB_4/center/1479425762886883961.jpg, -0.0104719754308, 1
HMB_4/center/1479425762936962086.jpg, -0.0104719754308, 1
HMB_4/center/1479425762986937391.jpg, -0.0122173046693, 1
HMB_4/center/1479425763036898814.jpg, -0.0139626339078, 1
HMB_4/center/1479425763086918736.jpg, -0.0168979947548, 1
HMB_4/center/1479425763136966273.jpg, -0.0209439508617, 0
HMB_4/center/1479425763336936407.jpg, -0.0209439508617, 0
HMB_4/center/1479425763387055237.jpg, -0.0226892810315, 0
HMB_4/center/1479425763437041854.jpg, -0.0226892810315, 0
HMB_4/center/1479425763486965699.jpg, -0.0226892810315, 0
HMB_4/center/1479425763537060270.jpg, -0.0226892810315, 0
HMB_4/center/1479425763587053218.jpg, -0.0209439508617, 0
HMB_4/center/1479425763637043598.jpg, -0.0209439508617, 0
HMB_4/center/1479425763837170636.jpg, -0.0143295257702, 1
HMB_4/center/1479425763887253644.jpg, -0.0134533900211, 1
HMB_4/center/1479425763937273258.jpg, -0.0122173046693, 1
HMB_4/center/1479425763987174683.jpg, -0.0122173046693, 1
HMB_4/center/1479425764037258804.jpg, -0.0122173046693, 1
HMB_4/center/1479425764087176665.jpg, -0.0122173046693, 1
HMB_4/center/1479425764137243404.jpg, -0.0122173046693, 1
HMB_4/center/1479425764337290914.jpg, -0.0279252678156, 0
HMB_4/center/1479425764387246878.jpg, -0.0279252678156, 0
HMB_4/center/1479425764437329460.jpg, -0.0279252678156, 0
HMB_4/center/1479425764487296661.jpg, -0.0279252678156, 0
HMB_4/center/1479425764537331066.jpg, -0.0279252678156, 0
HMB_4/center/1479425764587311377.jpg, -0.0279252678156, 0
HMB_4/center/1479425764637320938.jpg, -0.0279252678156, 0
HMB_4/center/1479425764837448433.jpg, -0.0349065847695, 0
HMB_4/center/1479425764887385607.jpg, -0.0349065847695, 0
HMB_4/center/1479425764937386975.jpg, -0.0349065847695, 0
HMB_4/center/1479425764987417173.jpg, -0.0352675266551, 0
HMB_4/center/1479425765037407467.jpg, -0.0366519130766, 0
HMB_4/center/1479425765087402990.jpg, -0.0366519130766, 0
HMB_4/center/1479425765137449835.jpg, -0.0366519130766, 0
HMB_4/center/1479425765337470815.jpg, -0.045378562063, 0
HMB_4/center/1479425765387420192.jpg, -0.045378562063, 0
HMB_4/center/1479425765437478747.jpg, -0.045378562063, 0
HMB_4/center/1479425765487549468.jpg, -0.045378562063, 0
HMB_4/center/1479425765537496724.jpg, -0.0442212502436, 0
HMB_4/center/1479425765587455908.jpg, -0.0398664099243, 0
HMB_4/center/1479425765637530592.jpg, -0.0337590970804, 0
HMB_4/center/1479425765837545098.jpg, -0.0349065847695, 0
HMB_4/center/1479425765887600109.jpg, -0.0366519130766, 0
HMB_4/center/1479425765937584394.jpg, -0.0412490276995, 0
HMB_4/center/1479425765987579510.jpg, -0.0456062348962, 0
HMB_4/center/1479425766037610969.jpg, -0.0499651219803, 0
HMB_4/center/1479425766087627144.jpg, -0.0506145469844, 0
HMB_4/center/1479425766137590621.jpg, -0.0506145469844, 0
HMB_4/center/1479425766337641036.jpg, -0.0506145469844, 0
HMB_4/center/1479425766387616585.jpg, -0.0506145469844, 0
HMB_4/center/1479425766437670588.jpg, -0.0506145469844, 0
HMB_4/center/1479425766487640330.jpg, -0.0506145469844, 0
HMB_4/center/1479425766537682075.jpg, -0.051642192599, 0
HMB_4/center/1479425766587657677.jpg, -0.0523598790169, 0
HMB_4/center/1479425766637679928.jpg, -0.0523598790169, 0
HMB_4/center/1479425766837699576.jpg, -0.0523598790169, 0
HMB_4/center/1479425766887711430.jpg, -0.0506145469844, 0
HMB_4/center/1479425766937764900.jpg, -0.0506145469844, 0
HMB_4/center/1479425766987767825.jpg, -0.050518082512, 0
HMB_4/center/1479425767037777209.jpg, -0.0471238903701, 0
HMB_4/center/1479425767087761905.jpg, -0.0418329567042, 0
HMB_4/center/1479425767137751154.jpg, -0.0401425734162, 0
HMB_4/center/1479425767337779653.jpg, -0.0304056878441, 0
HMB_4/center/1479425767387840073.jpg, -0.0137930353291, 1
HMB_4/center/1479425767437838838.jpg, 0.00363620681981, 1
HMB_4/center/1479425767487843109.jpg, 0.0192434805564, 1
HMB_4/center/1479425767537913759.jpg, 0.0244346093386, 2
HMB_4/center/1479425767587921067.jpg, 0.0209397421765, 2
HMB_4/center/1479425767637841003.jpg, 0.0148369282234, 1
HMB_4/center/1479425767838166199.jpg, -0.0157079640776, 1
HMB_4/center/1479425767887966144.jpg, -0.0157079640776, 1
HMB_4/center/1479425767937887494.jpg, -0.0131226576993, 1
HMB_4/center/1479425767987994836.jpg, -0.00529768427974, 1
HMB_4/center/1479425768037896714.jpg, -0.00523598771542, 1
HMB_4/center/1479425768088036954.jpg, -0.00523598771542, 1
HMB_4/center/1479425768138024992.jpg, -0.00523598771542, 1
HMB_4/center/1479425768338042954.jpg, -0.00523598771542, 1
HMB_4/center/1479425768388057366.jpg, -0.00523598771542, 1
HMB_4/center/1479425768438094195.jpg, -0.00523598771542, 1
HMB_4/center/1479425768487975084.jpg, -0.00360979596238, 1
HMB_4/center/1479425768538030344.jpg, -0.00349065847695, 1
HMB_4/center/1479425768588017576.jpg, -0.00349065847695, 1
HMB_4/center/1479425768638130387.jpg, -0.00349065847695, 1
HMB_4/center/1479425768838150758.jpg, -0.00101533887234, 1
HMB_4/center/1479425768888098375.jpg, 0.0, 1
HMB_4/center/1479425768938121385.jpg, 0.0, 1
HMB_4/center/1479425768988160209.jpg, 0.0, 1
HMB_4/center/1479425769038157536.jpg, 0.0, 1
HMB_4/center/1479425769088115601.jpg, 0.00174532923847, 1
HMB_4/center/1479425769138138234.jpg, 0.00174532923847, 1
HMB_4/center/1479425769338194119.jpg, 0.00174532923847, 1
HMB_4/center/1479425769388162785.jpg, 0.00174532923847, 1
HMB_4/center/1479425769438230232.jpg, 0.00174532923847, 1
HMB_4/center/1479425769488199449.jpg, 0.00174532923847, 1
HMB_4/center/1479425769538198984.jpg, 0.00174532923847, 1
HMB_4/center/1479425769588161036.jpg, 0.00174532923847, 1
HMB_4/center/1479425769638253568.jpg, 0.00174532923847, 1
HMB_4/center/1479425769838260551.jpg, 0.00174532923847, 1
HMB_4/center/1479425769888292636.jpg, 0.00174532923847, 1
HMB_4/center/1479425769938218213.jpg, 0.00174532923847, 1
HMB_4/center/1479425769988264601.jpg, 0.00174532923847, 1
HMB_4/center/1479425770038255560.jpg, 0.00230811041928, 1
HMB_4/center/1479425770088374713.jpg, 0.00349065847695, 1
HMB_4/center/1479425770138271761.jpg, 0.00523598771542, 1
HMB_4/center/1479425770338357058.jpg, 0.00174532923847, 1
HMB_4/center/1479425770388334844.jpg, 0.00174532923847, 1
HMB_4/center/1479425770438326933.jpg, 0.00174532923847, 1
HMB_4/center/1479425770488397178.jpg, 0.00174532923847, 1
HMB_4/center/1479425770538378316.jpg, 0.00174532923847, 1
HMB_4/center/1479425770588382815.jpg, 0.00174532923847, 1
HMB_4/center/1479425770638411806.jpg, 0.00174532923847, 1
HMB_4/center/1479425770838391905.jpg, 0.0737598347476, 2
HMB_4/center/1479425770888459070.jpg, 0.0693187557075, 2
HMB_4/center/1479425770938441950.jpg, 0.0540648019495, 2
HMB_4/center/1479425770988456279.jpg, 0.0353696492684, 2
HMB_4/center/1479425771038452609.jpg, 0.0135478457348, 1
HMB_4/center/1479425771088456152.jpg, -0.00473436961085, 1
HMB_4/center/1479425771138511988.jpg, -0.0226361886265, 0
HMB_4/center/1479425771338524143.jpg, -0.0467549118721, 0
HMB_4/center/1479425771388587847.jpg, -0.0406217387884, 0
HMB_4/center/1479425771438588671.jpg, -0.0366519130766, 0
HMB_4/center/1479425771488622331.jpg, -0.0391532189065, 0
HMB_4/center/1479425771538527595.jpg, -0.044731539947, 0
HMB_4/center/1479425771588535942.jpg, -0.0548242944542, 0
HMB_4/center/1479425771638619447.jpg, -0.0628318563104, 0
HMB_4/center/1479425771838704911.jpg, -0.0593411959708, 0
HMB_4/center/1479425771888605927.jpg, -0.0593411959708, 0
HMB_4/center/1479425771938688248.jpg, -0.0599803021136, 0
HMB_4/center/1479425771988601636.jpg, -0.0628318563104, 0
HMB_4/center/1479425772038732934.jpg, -0.0645771846175, 0
HMB_4/center/1479425772088629999.jpg, -0.0663225129247, 0
HMB_4/center/1479425772138666463.jpg, -0.0735912589116, 0
HMB_4/center/1479425772338719846.jpg, -0.0767944902182, 0
HMB_4/center/1479425772388793048.jpg, -0.0767944902182, 0
HMB_4/center/1479425772438812040.jpg, -0.0785398185253, 0
HMB_4/center/1479425772488784207.jpg, -0.0767944902182, 0
HMB_4/center/1479425772539125918.jpg, -0.0767944902182, 0
HMB_4/center/1479425772588787285.jpg, -0.0767944902182, 0
HMB_4/center/1479425772638955077.jpg, -0.0767944902182, 0
HMB_4/center/1479425772838887379.jpg, -0.131828258122, 0
HMB_4/center/1479425772888811448.jpg, -0.155334726965, 0
HMB_4/center/1479425772938799354.jpg, -0.169460287771, 0
HMB_4/center/1479425772988794252.jpg, -0.173806731252, 0
HMB_4/center/1479425773038865102.jpg, -0.176588650389, 0
HMB_4/center/1479425773088921114.jpg, -0.182543273888, 0
HMB_4/center/1479425773139012052.jpg, -0.187059297129, 0
HMB_4/center/1479425773338925510.jpg, -0.202575558487, 0
HMB_4/center/1479425773388831569.jpg, -0.207888592702, 0
HMB_4/center/1479425773438938908.jpg, -0.21838425674, 0
HMB_4/center/1479425773488930446.jpg, -0.228066593724, 0
HMB_4/center/1479425773538997479.jpg, -0.23212878406, 0
HMB_4/center/1479425773588879148.jpg, -0.228495028119, 0
HMB_4/center/1479425773638954988.jpg, -0.214352001102, 0
HMB_4/center/1479425773839060452.jpg, -0.176278248429, 0
HMB_4/center/1479425773888965158.jpg, -0.178023576736, 0
HMB_4/center/1479425773939012518.jpg, -0.183259576559, 0
HMB_4/center/1479425773988950125.jpg, -0.185004904866, 0
HMB_4/center/1479425774039006873.jpg, -0.177971521742, 0
HMB_4/center/1479425774088954951.jpg, -0.15446701537, 0
HMB_4/center/1479425774139059283.jpg, -0.123940405143, 0
HMB_4/center/1479425774339096202.jpg, -0.132466804998, 0
HMB_4/center/1479425774389032763.jpg, -0.148259250395, 0
HMB_4/center/1479425774439087903.jpg, -0.155334308743, 0
HMB_4/center/1479425774489043815.jpg, -0.157079637051, 0
HMB_4/center/1479425774539110716.jpg, -0.155366557175, 0
HMB_4/center/1479425774589143619.jpg, -0.152754662258, 0
HMB_4/center/1479425774639140347.jpg, -0.148397475662, 0
HMB_4/center/1479425774839149954.jpg, -0.141371667385, 0
HMB_4/center/1479425774889091773.jpg, -0.139626339078, 0
HMB_4/center/1479425774939146512.jpg, -0.139626339078, 0
HMB_4/center/1479425774989155567.jpg, -0.139626339078, 0
HMB_4/center/1479425775039257629.jpg, -0.139626339078, 0
HMB_4/center/1479425775089238526.jpg, -0.137881010771, 0
HMB_4/center/1479425775139175312.jpg, -0.136248692856, 0
HMB_4/center/1479425775339273191.jpg, -0.10846853665, 0
HMB_4/center/1479425775389239516.jpg, -0.102242577297, 0
HMB_4/center/1479425775439213851.jpg, -0.104570016425, 0
HMB_4/center/1479425775489184320.jpg, -0.104006288489, 0
HMB_4/center/1479425775539247502.jpg, -0.102974422276, 0
HMB_4/center/1479425775589329495.jpg, -0.106465086341, 0
HMB_4/center/1479425775639297553.jpg, -0.108035023758, 0
HMB_4/center/1479425775839279503.jpg, -0.106668602432, 0
HMB_4/center/1479425775889365863.jpg, -0.104719758034, 0
HMB_4/center/1479425775939404751.jpg, -0.104719758034, 0
HMB_4/center/1479425775989318465.jpg, -0.104719758034, 0
HMB_4/center/1479425776039324782.jpg, -0.104719758034, 0
HMB_4/center/1479425776089394244.jpg, -0.105362244247, 0
HMB_4/center/1479425776139344715.jpg, -0.109712912341, 0
HMB_4/center/1479425776339385694.jpg, -0.114925803447, 0
HMB_4/center/1479425776389426323.jpg, -0.115191727877, 0
HMB_4/center/1479425776439472429.jpg, -0.118132736633, 0
HMB_4/center/1479425776489448974.jpg, -0.115191727877, 0
HMB_4/center/1479425776539387932.jpg, -0.113755676562, 0
HMB_4/center/1479425776589537182.jpg, -0.109377088017, 0
HMB_4/center/1479425776639506209.jpg, -0.106465086341, 0
HMB_4/center/1479425776839547209.jpg, -0.104719758034, 0
HMB_4/center/1479425776889619902.jpg, -0.102432669063, 0
HMB_4/center/1479425776939568599.jpg, -0.0998216857476, 0
HMB_4/center/1479425776989511543.jpg, -0.097220614306, 0
HMB_4/center/1479425777039549064.jpg, -0.0959931090474, 0
HMB_4/center/1479425777089614354.jpg, -0.0959931090474, 0
HMB_4/center/1479425777139475822.jpg, -0.0959931090474, 0
HMB_4/center/1479425777339525171.jpg, -0.0894127634723, 0
HMB_4/center/1479425777389674849.jpg, -0.0832976215329, 0
HMB_4/center/1479425777439572213.jpg, -0.0772070815658, 0
HMB_4/center/1479425777489673149.jpg, -0.0728417147673, 0
HMB_4/center/1479425777539636964.jpg, -0.0689103196613, 0
HMB_4/center/1479425777589685671.jpg, -0.0632416490853, 0
HMB_4/center/1479425777639624546.jpg, -0.0567262205498, 0
HMB_4/center/1479425777839739741.jpg, -0.0388535498773, 0
HMB_4/center/1479425777889672661.jpg, -0.0349065847695, 0
HMB_4/center/1479425777939643515.jpg, -0.0314159281552, 0
HMB_4/center/1479425777989647248.jpg, -0.0296705979854, 0
HMB_4/center/1479425778039678218.jpg, -0.0284176094806, 0
HMB_4/center/1479425778089692435.jpg, -0.0244346093386, 0
HMB_4/center/1479425778139707131.jpg, -0.0244346093386, 0
HMB_4/center/1479425778339726703.jpg, -0.0226892810315, 0
HMB_4/center/1479425778389817780.jpg, -0.0226892810315, 0
HMB_4/center/1479425778439816084.jpg, -0.0214816745655, 0
HMB_4/center/1479425778489830526.jpg, -0.0188719723836, 1
HMB_4/center/1479425778539746052.jpg, -0.0133340265726, 1
HMB_4/center/1479425778589776747.jpg, -0.00636514248807, 1
HMB_4/center/1479425778639827433.jpg, 0.00117902002011, 1
HMB_4/center/1479425778839862197.jpg, 0.0186028040983, 1
HMB_4/center/1479425778889838045.jpg, 0.0209439508617, 2
HMB_4/center/1479425778939803870.jpg, 0.0180812514294, 1
HMB_4/center/1479425778989896001.jpg, 0.0117349011083, 1
HMB_4/center/1479425779039935619.jpg, 0.00300450872109, 1
HMB_4/center/1479425779089925019.jpg, -0.0077228659513, 1
HMB_4/center/1479425779139875468.jpg, -0.0207779700309, 0
HMB_4/center/1479425779339877727.jpg, -0.0418879017234, 0
HMB_4/center/1479425779390003434.jpg, -0.0418879017234, 0
HMB_4/center/1479425779439900506.jpg, -0.0418879017234, 0
HMB_4/center/1479425779489937572.jpg, -0.0418879017234, 0
HMB_4/center/1479425779539924791.jpg, -0.0418879017234, 0
HMB_4/center/1479425779589971423.jpg, -0.0418879017234, 0
HMB_4/center/1479425779640048810.jpg, -0.0418879017234, 0
HMB_4/center/1479425779839989243.jpg, -0.0383972451091, 0
HMB_4/center/1479425779890016805.jpg, -0.0366519130766, 0
HMB_4/center/1479425779940047823.jpg, -0.0366519130766, 0
HMB_4/center/1479425779990129823.jpg, -0.0349065847695, 0
HMB_4/center/1479425780040049282.jpg, -0.0339141986803, 0
HMB_4/center/1479425780090038212.jpg, -0.0294531079942, 0
HMB_4/center/1479425780140003373.jpg, -0.0197704873348, 1
HMB_4/center/1479425780340112880.jpg, 0.00618979252256, 1
HMB_4/center/1479425780390185215.jpg, 0.0069813169539, 1
HMB_4/center/1479425780440123279.jpg, 0.00872664619237, 1
HMB_4/center/1479425780490099295.jpg, 0.0087833369008, 1
HMB_4/center/1479425780540214234.jpg, 0.011400250319, 1
HMB_4/center/1479425780590410331.jpg, 0.0122867745027, 1
HMB_4/center/1479425780640225076.jpg, 0.0148797814163, 1
HMB_4/center/1479425780840182489.jpg, 0.0471776814519, 2
HMB_4/center/1479425780890351601.jpg, 0.0506145469844, 2
HMB_4/center/1479425780940206571.jpg, 0.0462510906941, 2
HMB_4/center/1479425780990254206.jpg, 0.0383994964266, 2
HMB_4/center/1479425781040167233.jpg, 0.0375060624892, 2
HMB_4/center/1479425781090187676.jpg, 0.0383972451091, 2
HMB_4/center/1479425781140238965.jpg, 0.0383972451091, 2
HMB_4/center/1479425781340382725.jpg, -0.010124460207, 1
HMB_4/center/1479425781390262925.jpg, -0.0294813461885, 0
HMB_4/center/1479425781440230414.jpg, -0.0323626157176, 0
HMB_4/center/1479425781490300073.jpg, -0.0263327448642, 0
HMB_4/center/1479425781540285150.jpg, -0.0201531052393, 0
HMB_4/center/1479425781590383648.jpg, -0.0191986225545, 1
HMB_4/center/1479425781640362564.jpg, -0.0184161097401, 1
HMB_4/center/1479425781840363903.jpg, -0.0166990203777, 1
HMB_4/center/1479425781890384406.jpg, -0.0173300283637, 1
HMB_4/center/1479425781940415665.jpg, -0.0157079640776, 1
HMB_4/center/1479425781990376800.jpg, -0.0157079640776, 1
HMB_4/center/1479425782040413162.jpg, -0.0157079640776, 1
HMB_4/center/1479425782090873525.jpg, -0.0157079640776, 1
HMB_4/center/1479425782140392538.jpg, -0.0132507423646, 1
HMB_4/center/1479425782340576499.jpg, 0.00872664619237, 1
HMB_4/center/1479425782390433006.jpg, 0.0069813169539, 1
HMB_4/center/1479425782440422801.jpg, 0.0069813169539, 1
HMB_4/center/1479425782490464299.jpg, 0.0069813169539, 1
HMB_4/center/1479425782540624379.jpg, 0.0069813169539, 1
HMB_4/center/1479425782590506116.jpg, 0.0069813169539, 1
HMB_4/center/1479425782640607688.jpg, 0.00632284026721, 1
HMB_4/center/1479425782840509403.jpg, -0.00472845810527, 1
HMB_4/center/1479425782890589268.jpg, -0.0151857016821, 1
HMB_4/center/1479425782940559461.jpg, -0.0232965903266, 0
HMB_4/center/1479425782990626883.jpg, -0.0326307070967, 0
HMB_4/center/1479425783040563676.jpg, -0.0471383176656, 0
HMB_4/center/1479425783090544731.jpg, -0.0573089728676, 0
HMB_4/center/1479425783140577146.jpg, -0.0633968052969, 0
HMB_4/center/1479425783340602633.jpg, -0.0976455220614, 0
HMB_4/center/1479425783390622274.jpg, -0.107526965511, 0
HMB_4/center/1479425783440644218.jpg, -0.11398907404, 0
HMB_4/center/1479425783490576869.jpg, -0.118334681643, 0
HMB_4/center/1479425783540770899.jpg, -0.118682391942, 0
HMB_4/center/1479425783590869077.jpg, -0.118682391942, 0
HMB_4/center/1479425783640761028.jpg, -0.119207048749, 0
HMB_4/center/1479425783840691872.jpg, -0.137110086666, 0
HMB_4/center/1479425783890705667.jpg, -0.144082646177, 0
HMB_4/center/1479425783940728042.jpg, -0.148830724766, 0
HMB_4/center/1479425783990846209.jpg, -0.151843652129, 0
HMB_4/center/1479425784040836606.jpg, -0.153588980436, 0
HMB_4/center/1479425784090756938.jpg, -0.153588980436, 0
HMB_4/center/1479425784140774917.jpg, -0.157079637051, 0
HMB_4/center/1479425784340800751.jpg, -0.167551606894, 0
HMB_4/center/1479425784390785671.jpg, -0.167551606894, 0
HMB_4/center/1479425784440777804.jpg, -0.167551606894, 0
HMB_4/center/1479425784490860962.jpg, -0.167551606894, 0
HMB_4/center/1479425784540887331.jpg, -0.171042263508, 0
HMB_4/center/1479425784590884546.jpg, -0.172308041018, 0
HMB_4/center/1479425784640981131.jpg, -0.17877723077, 0
HMB_4/center/1479425784840941011.jpg, -0.213656834074, 0
HMB_4/center/1479425784890864407.jpg, -0.219383942672, 0
HMB_4/center/1479425784940885004.jpg, -0.227920312522, 0
HMB_4/center/1479425784990904296.jpg, -0.239253011615, 0
HMB_4/center/1479425785040888616.jpg, -0.250209511039, 0
HMB_4/center/1479425785091465146.jpg, -0.254818081856, 0
HMB_4/center/1479425785141030132.jpg, -0.25449359187, 0
HMB_4/center/1479425785341030121.jpg, -0.254818081856, 0
HMB_4/center/1479425785390948643.jpg, -0.254818081856, 0
HMB_4/center/1479425785440963093.jpg, -0.254818081856, 0
HMB_4/center/1479425785491085113.jpg, -0.254818081856, 0
HMB_4/center/1479425785540930251.jpg, -0.253072738647, 0
HMB_4/center/1479425785591068332.jpg, -0.253072738647, 0
HMB_4/center/1479425785641038070.jpg, -0.254818081856, 0
HMB_4/center/1479425785841122132.jpg, -0.247836753726, 0
HMB_4/center/1479425785891006676.jpg, -0.245006913579, 0
HMB_4/center/1479425785941148247.jpg, -0.240202031397, 0
HMB_4/center/1479425785991086178.jpg, -0.231719522991, 0
HMB_4/center/1479425786041059102.jpg, -0.220878957746, 0
HMB_4/center/1479425786091100897.jpg, -0.201691959299, 0
HMB_4/center/1479425786141090224.jpg, -0.180417142319, 0
HMB_4/center/1479425786341146619.jpg, -0.144862323999, 0
HMB_4/center/1479425786391209932.jpg, -0.139325218331, 0
HMB_4/center/1479425786441389196.jpg, -0.125033251746, 0
HMB_4/center/1479425786491189253.jpg, -0.104170322915, 0
HMB_4/center/1479425786541266131.jpg, -0.0885929095745, 0
HMB_4/center/1479425786591719891.jpg, -0.0820304751396, 0
HMB_4/center/1479425786641230493.jpg, -0.0820304751396, 0
HMB_4/center/1479425786841278229.jpg, -0.0696157178961, 0
HMB_4/center/1479425786891350045.jpg, -0.0645771846175, 0
HMB_4/center/1479425786941217299.jpg, -0.0645771846175, 0
HMB_4/center/1479425786991220628.jpg, -0.0655203409152, 0
HMB_4/center/1479425787041253653.jpg, -0.0663225129247, 0
HMB_4/center/1479425787091278564.jpg, -0.0636546794565, 0
HMB_4/center/1479425787141367490.jpg, -0.0539836211721, 0
HMB_4/center/1479425787341431967.jpg, -0.0243573780405, 0
HMB_4/center/1479425787391271228.jpg, -0.0148195741931, 1
HMB_4/center/1479425787441355775.jpg, -0.00869815211488, 1
HMB_4/center/1479425787491324615.jpg, -0.00349065847695, 1
HMB_4/center/1479425787541363353.jpg, -0.00174532923847, 1
HMB_4/center/1479425787591389732.jpg, -0.00696943940951, 1
HMB_4/center/1479425787641405430.jpg, -0.0226270041626, 0
HMB_4/center/1479425787841458819.jpg, 0.0591835218787, 2
HMB_4/center/1479425787891399472.jpg, 0.0653991428991, 2
HMB_4/center/1479425787941447732.jpg, 0.0663225129247, 2
HMB_4/center/1479425787991374716.jpg, 0.0663225129247, 2
HMB_4/center/1479425788041401161.jpg, 0.0663225129247, 2
HMB_4/center/1479425788091443339.jpg, 0.0655371665499, 2
HMB_4/center/1479425788141453603.jpg, 0.0629227362812, 2
HMB_4/center/1479425788341561721.jpg, 0.0334949699158, 2
HMB_4/center/1479425788391526595.jpg, 0.0271691432288, 2
HMB_4/center/1479425788441622641.jpg, 0.0261799395084, 2
HMB_4/center/1479425788491507827.jpg, 0.0229528299643, 2
HMB_4/center/1479425788541549734.jpg, 0.0159712964867, 1
HMB_4/center/1479425788591585758.jpg, 0.00550869401233, 1
HMB_4/center/1479425788641643963.jpg, 0.00174532923847, 1
HMB_4/center/1479425788841615801.jpg, 0.0396080994824, 2
HMB_4/center/1479425788891613418.jpg, 0.041192106767, 2
HMB_4/center/1479425788941692513.jpg, 0.033688501493, 2
HMB_4/center/1479425788991646029.jpg, 0.0237514115445, 2
HMB_4/center/1479425789041661672.jpg, 0.0242388370152, 2
HMB_4/center/1479425789091717645.jpg, 0.0310162749491, 2
HMB_4/center/1479425789141714419.jpg, 0.0379900722012, 2
HMB_4/center/1479425789341666382.jpg, 0.0506145469844, 2
HMB_4/center/1479425789391645168.jpg, 0.0512388649187, 2
HMB_4/center/1479425789441706181.jpg, 0.0523598790169, 2
HMB_4/center/1479425789491796007.jpg, 0.054105207324, 2
HMB_4/center/1479425789541781105.jpg, 0.054105207324, 2
HMB_4/center/1479425789591677895.jpg, 0.054105207324, 2
HMB_4/center/1479425789641772407.jpg, 0.054105207324, 2
HMB_4/center/1479425789841769090.jpg, 0.0590392894922, 2
HMB_4/center/1479425789891790647.jpg, 0.0616512838379, 2
HMB_4/center/1479425789941734374.jpg, 0.0674257732934, 2
HMB_4/center/1479425789991836970.jpg, 0.0767152798527, 2
HMB_4/center/1479425790041806821.jpg, 0.0911854059151, 2
HMB_4/center/1479425790091830689.jpg, 0.10687231398, 2
HMB_4/center/1479425790141785504.jpg, 0.124286396726, 2
HMB_4/center/1479425790341863495.jpg, 0.188773442463, 2
HMB_4/center/1479425790391844885.jpg, 0.21415817854, 2
HMB_4/center/1479425790441893198.jpg, 0.237215237902, 2
HMB_4/center/1479425790491917765.jpg, 0.250557124283, 2
HMB_4/center/1479425790541851205.jpg, 0.254818081856, 2
HMB_4/center/1479425790591936004.jpg, 0.250852767599, 2
HMB_4/center/1479425790641933846.jpg, 0.248242087582, 2
HMB_4/center/1479425790841853220.jpg, 0.23343293228, 2
HMB_4/center/1479425790891886676.jpg, 0.237785460323, 2
HMB_4/center/1479425790941877785.jpg, 0.242134522655, 2
HMB_4/center/1479425790991978579.jpg, 0.242600768805, 2
HMB_4/center/1479425791042001119.jpg, 0.244346097112, 2
HMB_4/center/1479425791091976583.jpg, 0.249033996095, 2
HMB_4/center/1479425791141966121.jpg, 0.25783288174, 2
HMB_4/center/1479425791342019500.jpg, 0.270526021719, 2
HMB_4/center/1479425791392074510.jpg, 0.270526021719, 2
HMB_4/center/1479425791442040705.jpg, 0.269293440387, 2
HMB_4/center/1479425791492058749.jpg, 0.267035365105, 2
HMB_4/center/1479425791542037559.jpg, 0.267035365105, 2
HMB_4/center/1479425791592069317.jpg, 0.267035365105, 2
HMB_4/center/1479425791642035281.jpg, 0.267035365105, 2
HMB_4/center/1479425791842081025.jpg, 0.317121368393, 2
HMB_4/center/1479425791892115666.jpg, 0.324631243944, 2
HMB_4/center/1479425791942147083.jpg, 0.324631243944, 2
HMB_4/center/1479425791992082441.jpg, 0.324913931, 2
HMB_4/center/1479425792042175829.jpg, 0.33217806631, 2
HMB_4/center/1479425792092101759.jpg, 0.345163228576, 2
HMB_4/center/1479425792142148552.jpg, 0.366976500866, 2
HMB_4/center/1479425792342252578.jpg, 0.431586590043, 2
HMB_4/center/1479425792392250262.jpg, 0.439822971821, 2
HMB_4/center/1479425792442201053.jpg, 0.444410643345, 2
HMB_4/center/1479425792492198350.jpg, 0.446804285049, 2
HMB_4/center/1479425792542152473.jpg, 0.446804285049, 2
HMB_4/center/1479425792592387569.jpg, 0.443094639737, 2
HMB_4/center/1479425792642261301.jpg, 0.435931327211, 2
HMB_4/center/1479425792842353301.jpg, 0.417826146383, 2
HMB_4/center/1479425792892272189.jpg, 0.417133688927, 2
HMB_4/center/1479425792942270445.jpg, 0.417133688927, 2
HMB_4/center/1479425792992289289.jpg, 0.41508910999, 2
HMB_4/center/1479425793042283022.jpg, 0.402590261141, 2
HMB_4/center/1479425793092262534.jpg, 0.3853102883, 2
HMB_4/center/1479425793142364829.jpg, 0.372222965502, 2
HMB_4/center/1479425793342348452.jpg, 0.356258887514, 2
HMB_4/center/1479425793392347359.jpg, 0.35953783989, 2
HMB_4/center/1479425793442345119.jpg, 0.362245564442, 2
HMB_4/center/1479425793492478778.jpg, 0.371946634232, 2
HMB_4/center/1479425793542414001.jpg, 0.382394396661, 2
HMB_4/center/1479425793592515652.jpg, 0.389452285678, 2
HMB_4/center/1479425793642372920.jpg, 0.404358262595, 2
HMB_4/center/1479425793842424056.jpg, 0.466002911329, 2
HMB_4/center/1479425793892438144.jpg, 0.466002911329, 2
HMB_4/center/1479425793942425278.jpg, 0.465153507101, 2
HMB_4/center/1479425793992515616.jpg, 0.473055227757, 2
HMB_4/center/1479425794042454422.jpg, 0.487884226029, 2
HMB_4/center/1479425794092494312.jpg, 0.511434209877, 2
HMB_4/center/1479425794142420235.jpg, 0.536660227503, 2
HMB_4/center/1479425794342538528.jpg, 0.494021807916, 2
HMB_4/center/1479425794392588251.jpg, 0.478366522399, 2
HMB_4/center/1479425794442489493.jpg, 0.46783720476, 2
HMB_4/center/1479425794492594831.jpg, 0.462555390134, 2
HMB_4/center/1479425794542522516.jpg, 0.462512254715, 2
HMB_4/center/1479425794592612538.jpg, 0.464201161331, 2
HMB_4/center/1479425794642600995.jpg, 0.466808745781, 2
HMB_4/center/1479425794842563087.jpg, 0.436718650377, 2
HMB_4/center/1479425794892645882.jpg, 0.41586857333, 2
HMB_4/center/1479425794942662007.jpg, 0.393320198778, 2
HMB_4/center/1479425794992671006.jpg, 0.373936085317, 2
HMB_4/center/1479425795042714539.jpg, 0.363028496504, 2
HMB_4/center/1479425795092696049.jpg, 0.368016346829, 2
HMB_4/center/1479425795142774352.jpg, 0.382690165513, 2
HMB_4/center/1479425795342703139.jpg, 0.438077628613, 2
HMB_4/center/1479425795392659979.jpg, 0.434757576833, 2
HMB_4/center/1479425795442701617.jpg, 0.431096315384, 2
HMB_4/center/1479425795492749333.jpg, 0.431096315384, 2
HMB_4/center/1479425795542768599.jpg, 0.434586971998, 2
HMB_4/center/1479425795592761661.jpg, 0.436332315207, 2
HMB_4/center/1479425795642771188.jpg, 0.438077628613, 2
HMB_4/center/1479425795842785182.jpg, 0.473801570169, 2
HMB_4/center/1479425795892825109.jpg, 0.484972313789, 2
HMB_4/center/1479425795942845419.jpg, 0.482822648311, 2
HMB_4/center/1479425795992770333.jpg, 0.476741245757, 2
HMB_4/center/1479425796042837808.jpg, 0.468256645362, 2
HMB_4/center/1479425796092849541.jpg, 0.464518048534, 2
HMB_4/center/1479425796142837986.jpg, 0.46721174605, 2
HMB_4/center/1479425796342922504.jpg, 0.486355297307, 2
HMB_4/center/1479425796392825583.jpg, 0.472142916395, 2
HMB_4/center/1479425796442914635.jpg, 0.458450713788, 2
HMB_4/center/1479425796493018205.jpg, 0.45234081761, 2
HMB_4/center/1479425796542914429.jpg, 0.452040284872, 2
HMB_4/center/1479425796592895873.jpg, 0.448878267417, 2
HMB_4/center/1479425796642906046.jpg, 0.441041823568, 2
HMB_4/center/1479425796842952076.jpg, 0.42535401992, 2
HMB_4/center/1479425796892999487.jpg, 0.420994872504, 2
HMB_4/center/1479425796942956022.jpg, 0.418879032135, 2
HMB_4/center/1479425796993046960.jpg, 0.417133688927, 2
HMB_4/center/1479425797042933070.jpg, 0.413643032312, 2
HMB_4/center/1479425797093139589.jpg, 0.412276563256, 2
HMB_4/center/1479425797142994291.jpg, 0.411424766913, 2
HMB_4/center/1479425797343022417.jpg, 0.399726345878, 2
HMB_4/center/1479425797393072009.jpg, 0.419807343911, 2
HMB_4/center/1479425797443091412.jpg, 0.455109197259, 2
HMB_4/center/1479425797493071821.jpg, 0.476895014416, 2
HMB_4/center/1479425797543138887.jpg, 0.477789942924, 2
HMB_4/center/1479425797593110569.jpg, 0.465644628012, 2
HMB_4/center/1479425797643085363.jpg, 0.453377218893, 2
HMB_4/center/1479425797843339352.jpg, 0.465599499797, 2
HMB_4/center/1479425797893117238.jpg, 0.458271094703, 2
HMB_4/center/1479425797943108851.jpg, 0.446437118003, 2
HMB_4/center/1479425797993194644.jpg, 0.439110150665, 2
HMB_4/center/1479425798043162033.jpg, 0.438077628613, 2
HMB_4/center/1479425798093146283.jpg, 0.439297944625, 2
HMB_4/center/1479425798143249210.jpg, 0.441917748545, 2
HMB_4/center/1479425798343188831.jpg, 0.418879032135, 2
HMB_4/center/1479425798393205423.jpg, 0.419497357269, 2
HMB_4/center/1479425798443201107.jpg, 0.432000520421, 2
HMB_4/center/1479425798493304008.jpg, 0.445667069856, 2
HMB_4/center/1479425798543308119.jpg, 0.44651103474, 2
HMB_4/center/1479425798593329917.jpg, 0.439244833574, 2
HMB_4/center/1479425798643275574.jpg, 0.438077628613, 2
HMB_4/center/1479425798843334739.jpg, 0.420369617257, 2
HMB_4/center/1479425798893371495.jpg, 0.417764114944, 2
HMB_4/center/1479425798943366722.jpg, 0.409666946384, 2
HMB_4/center/1479425798993406440.jpg, 0.403805122046, 2
HMB_4/center/1479425799043427354.jpg, 0.405383918304, 2
HMB_4/center/1479425799093367876.jpg, 0.416278295255, 2
HMB_4/center/1479425799143401779.jpg, 0.429989349748, 2
HMB_4/center/1479425799343473261.jpg, 0.425667450381, 2
HMB_4/center/1479425799393452868.jpg, 0.417824048579, 2
HMB_4/center/1479425799443478810.jpg, 0.415209085715, 2
HMB_4/center/1479425799493399748.jpg, 0.415388375521, 2
HMB_4/center/1479425799543462665.jpg, 0.417133688927, 2
HMB_4/center/1479425799593500028.jpg, 0.418879032135, 2
HMB_4/center/1479425799643502463.jpg, 0.422828963242, 2
HMB_4/center/1479425799843486182.jpg, 0.450294941664, 2
HMB_4/center/1479425799893519215.jpg, 0.448549628258, 2
HMB_4/center/1479425799943557064.jpg, 0.44865353354, 2
HMB_4/center/1479425799993530520.jpg, 0.452242243781, 2
HMB_4/center/1479425800043596244.jpg, 0.468095194766, 2
HMB_4/center/1479425800093598811.jpg, 0.488257194913, 2
HMB_4/center/1479425800143702153.jpg, 0.511757339509, 2
HMB_4/center/1479425800343569710.jpg, 0.507838116065, 2
HMB_4/center/1479425800393610968.jpg, 0.507068120287, 2
HMB_4/center/1479425800443730898.jpg, 0.511456185494, 2
HMB_4/center/1479425800493593970.jpg, 0.517514371364, 2
HMB_4/center/1479425800543603944.jpg, 0.521879080907, 2
HMB_4/center/1479425800593639258.jpg, 0.523598790169, 2
HMB_4/center/1479425800643597178.jpg, 0.52185344696, 2
HMB_4/center/1479425800843701759.jpg, 0.523598790169, 2
HMB_4/center/1479425800893736420.jpg, 0.523598790169, 2
HMB_4/center/1479425800943718354.jpg, 0.523598790169, 2
HMB_4/center/1479425800993688721.jpg, 0.523598790169, 2
HMB_4/center/1479425801043688410.jpg, 0.523598790169, 2
HMB_4/center/1479425801093741075.jpg, 0.525344133377, 2
HMB_4/center/1479425801143700937.jpg, 0.525344133377, 2
HMB_4/center/1479425801343880986.jpg, 0.528834760189, 2
HMB_4/center/1479425801393813691.jpg, 0.528834760189, 2
HMB_4/center/1479425801443713145.jpg, 0.528834760189, 2
HMB_4/center/1479425801493910810.jpg, 0.526308343652, 2
HMB_4/center/1479425801543853612.jpg, 0.516812204759, 2
HMB_4/center/1479425801593756148.jpg, 0.501370147054, 2
HMB_4/center/1479425801643825366.jpg, 0.487326127706, 2
HMB_4/center/1479425801843851560.jpg, 0.469493567944, 2
HMB_4/center/1479425801893817074.jpg, 0.471238911152, 2
HMB_4/center/1479425801943961065.jpg, 0.467896033955, 2
HMB_4/center/1479425801994000988.jpg, 0.460051755671, 2
HMB_4/center/1479425802043887757.jpg, 0.455708996698, 2
HMB_4/center/1479425802093855001.jpg, 0.453785598278, 2
HMB_4/center/1479425802144015666.jpg, 0.455343781448, 2
HMB_4/center/1479425802343858967.jpg, 0.44549978493, 2
HMB_4/center/1479425802393893859.jpg, 0.436206078167, 2
HMB_4/center/1479425802443942255.jpg, 0.424815226348, 2
HMB_4/center/1479425802493893077.jpg, 0.418879032135, 2
HMB_4/center/1479425802544000511.jpg, 0.417133688927, 2
HMB_4/center/1479425802594015737.jpg, 0.408898556161, 2
HMB_4/center/1479425802644042602.jpg, 0.393911378088, 2
HMB_4/center/1479425802844019442.jpg, 0.312413930893, 2
HMB_4/center/1479425802894015005.jpg, 0.326945976466, 2
HMB_4/center/1479425802944069871.jpg, 0.347318323914, 2
HMB_4/center/1479425802994033909.jpg, 0.369964245156, 2
HMB_4/center/1479425803044154774.jpg, 0.375542973866, 2
HMB_4/center/1479425803094097096.jpg, 0.374111926779, 2
HMB_4/center/1479425803144022186.jpg, 0.366839354233, 2
HMB_4/center/1479425803344185130.jpg, 0.381895538146, 2
HMB_4/center/1479425803394082588.jpg, 0.384489327481, 2
HMB_4/center/1479425803444105178.jpg, 0.390212730917, 2
HMB_4/center/1479425803494167066.jpg, 0.405751382931, 2
HMB_4/center/1479425803544109660.jpg, 0.427873083937, 2
HMB_4/center/1479425803594196842.jpg, 0.444304002216, 2
HMB_4/center/1479425803644200030.jpg, 0.447187304625, 2
HMB_4/center/1479425803844228521.jpg, 0.449890071604, 2
HMB_4/center/1479425803894181497.jpg, 0.456903909571, 2
HMB_4/center/1479425803944154388.jpg, 0.469957802794, 2
HMB_4/center/1479425803994250793.jpg, 0.479565216526, 2
HMB_4/center/1479425804044294023.jpg, 0.490010230622, 2
HMB_4/center/1479425804094236218.jpg, 0.499164164066, 2
HMB_4/center/1479425804144278915.jpg, 0.500909507275, 2
HMB_4/center/1479425804344344512.jpg, 0.488692194223, 2
HMB_4/center/1479425804394295510.jpg, 0.488692194223, 2
HMB_4/center/1479425804444300102.jpg, 0.487432495649, 2
HMB_4/center/1479425804494448624.jpg, 0.482675056258, 2
HMB_4/center/1479425804544376479.jpg, 0.475717057914, 2
HMB_4/center/1479425804594707067.jpg, 0.466549475156, 2
HMB_4/center/1479425804644450054.jpg, 0.452299572699, 2
HMB_4/center/1479425804844420836.jpg, 0.416596671135, 2
HMB_4/center/1479425804894490423.jpg, 0.430358983665, 2
HMB_4/center/1479425804944452294.jpg, 0.446368006954, 2
HMB_4/center/1479425804994450756.jpg, 0.459021598101, 2
HMB_4/center/1479425805044571300.jpg, 0.455432367465, 2
HMB_4/center/1479425805094614725.jpg, 0.438876588497, 2
HMB_4/center/1479425805144541784.jpg, 0.428751332535, 2
HMB_4/center/1479425805344558386.jpg, 0.418879032135, 2
HMB_4/center/1479425805394452510.jpg, 0.413383272755, 2
HMB_4/center/1479425805444474772.jpg, 0.410152375698, 2
HMB_4/center/1479425805494519869.jpg, 0.406661719084, 2
HMB_4/center/1479425805544567378.jpg, 0.406661719084, 2
HMB_4/center/1479425805594494868.jpg, 0.406661719084, 2
HMB_4/center/1479425805644524100.jpg, 0.40840703249, 2
HMB_4/center/1479425805844547612.jpg, 0.421027726398, 2
HMB_4/center/1479425805894541473.jpg, 0.435165431561, 2
HMB_4/center/1479425805944569077.jpg, 0.447563224294, 2
HMB_4/center/1479425805994513797.jpg, 0.453785598278, 2
HMB_4/center/1479425806044595025.jpg, 0.452737659793, 2
HMB_4/center/1479425806094652075.jpg, 0.452040284872, 2
HMB_4/center/1479425806144631530.jpg, 0.452040284872, 2
HMB_4/center/1479425806344677352.jpg, 0.469493567944, 2
HMB_4/center/1479425806394580204.jpg, 0.469493567944, 2
HMB_4/center/1479425806444668289.jpg, 0.469493567944, 2
HMB_4/center/1479425806494627799.jpg, 0.469493567944, 2
HMB_4/center/1479425806544693286.jpg, 0.470476954618, 2
HMB_4/center/1479425806594850625.jpg, 0.47669714711, 2
HMB_4/center/1479425806644722784.jpg, 0.488112336568, 2
HMB_4/center/1479425806844752919.jpg, 0.471094379189, 2
HMB_4/center/1479425806894710056.jpg, 0.462386962584, 2
HMB_4/center/1479425806944714249.jpg, 0.458096132608, 2
HMB_4/center/1479425806994719359.jpg, 0.457322204954, 2
HMB_4/center/1479425807044756963.jpg, 0.459938151554, 2
HMB_4/center/1479425807094724673.jpg, 0.464288972745, 2
HMB_4/center/1479425807144753431.jpg, 0.466002911329, 2
HMB_4/center/1479425807344755240.jpg, 0.472981944177, 2
HMB_4/center/1479425807394843906.jpg, 0.47822022438, 2
HMB_4/center/1479425807444836880.jpg, 0.47822022438, 2
HMB_4/center/1479425807494854330.jpg, 0.47302009795, 2
HMB_4/center/1479425807544801667.jpg, 0.467748224735, 2
HMB_4/center/1479425807594844017.jpg, 0.466002911329, 2
HMB_4/center/1479425807644809605.jpg, 0.468576758292, 2
HMB_4/center/1479425807844906225.jpg, 0.488692194223, 2
HMB_4/center/1479425807894905184.jpg, 0.485271617029, 2
HMB_4/center/1479425807944953670.jpg, 0.483456194401, 2
HMB_4/center/1479425807994929910.jpg, 0.481792935375, 2
HMB_4/center/1479425808044996687.jpg, 0.479184896692, 2
HMB_4/center/1479425808094968627.jpg, 0.473174913541, 2
HMB_4/center/1479425808144967400.jpg, 0.463687645996, 2
HMB_4/center/1479425808344981999.jpg, 0.418879032135, 2
HMB_4/center/1479425808394985139.jpg, 0.417133688927, 2
HMB_4/center/1479425808445010427.jpg, 0.417133688927, 2
HMB_4/center/1479425808494987127.jpg, 0.413943683701, 2
HMB_4/center/1479425808545037983.jpg, 0.413643032312, 2
HMB_4/center/1479425808595073538.jpg, 0.416944678499, 2
HMB_4/center/1479425808645101124.jpg, 0.417133688927, 2
HMB_4/center/1479425808845074979.jpg, 0.417133688927, 2
HMB_4/center/1479425808895153781.jpg, 0.417133688927, 2
HMB_4/center/1479425808945130458.jpg, 0.417801460766, 2
HMB_4/center/1479425808995092839.jpg, 0.42193579684, 2
HMB_4/center/1479425809045138705.jpg, 0.430660940153, 2
HMB_4/center/1479425809095141478.jpg, 0.441112963256, 2
HMB_4/center/1479425809145089194.jpg, 0.446804285049, 2
HMB_4/center/1479425809345151095.jpg, 0.420012893876, 2
HMB_4/center/1479425809395118973.jpg, 0.418879032135, 2
HMB_4/center/1479425809445155493.jpg, 0.418879032135, 2
HMB_4/center/1479425809495177382.jpg, 0.420341720664, 2
HMB_4/center/1479425809545210397.jpg, 0.422369688749, 2
HMB_4/center/1479425809595230748.jpg, 0.422369688749, 2
HMB_4/center/1479425809645227882.jpg, 0.422369688749, 2
HMB_4/center/1479425809845250885.jpg, 0.425860345364, 2
HMB_4/center/1479425809895210569.jpg, 0.425860345364, 2
HMB_4/center/1479425809945218740.jpg, 0.425860345364, 2
HMB_4/center/1479425809995283319.jpg, 0.424461376576, 2
HMB_4/center/1479425810045260452.jpg, 0.422369688749, 2
HMB_4/center/1479425810095338710.jpg, 0.422369688749, 2
HMB_4/center/1479425810145309706.jpg, 0.422369688749, 2
HMB_4/center/1479425810345405672.jpg, 0.424115002155, 2
HMB_4/center/1479425810395308448.jpg, 0.425458686989, 2
HMB_4/center/1479425810445375057.jpg, 0.425860345364, 2
HMB_4/center/1479425810495366033.jpg, 0.425860345364, 2
HMB_4/center/1479425810545348303.jpg, 0.423662222243, 2
HMB_4/center/1479425810595409959.jpg, 0.424115002155, 2
HMB_4/center/1479425810645363714.jpg, 0.424115002155, 2
HMB_4/center/1479425810845497628.jpg, 0.413643032312, 2
HMB_4/center/1479425810895411376.jpg, 0.413643032312, 2
HMB_4/center/1479425810945404210.jpg, 0.414040837241, 2
HMB_4/center/1479425810995410715.jpg, 0.418397267941, 2
HMB_4/center/1479425811045537763.jpg, 0.424908830132, 2
HMB_4/center/1479425811095490807.jpg, 0.433605924952, 2
HMB_4/center/1479425811145535593.jpg, 0.438459480862, 2
HMB_4/center/1479425811345484172.jpg, 0.450641522013, 2
HMB_4/center/1479425811395528447.jpg, 0.455000266573, 2
HMB_4/center/1479425811445561735.jpg, 0.461439570567, 2
HMB_4/center/1479425811495476142.jpg, 0.468944292926, 2
HMB_4/center/1479425811545608109.jpg, 0.474729567766, 2
HMB_4/center/1479425811595559004.jpg, 0.474729567766, 2
HMB_4/center/1479425811645620932.jpg, 0.472352305713, 2
HMB_4/center/1479425811845580344.jpg, 0.423554351502, 2
HMB_4/center/1479425811895715257.jpg, 0.417730535511, 2
HMB_4/center/1479425811945596034.jpg, 0.413643032312, 2
HMB_4/center/1479425811995577111.jpg, 0.413643032312, 2
HMB_4/center/1479425812045703914.jpg, 0.413643032312, 2
HMB_4/center/1479425812095595640.jpg, 0.412524981506, 2
HMB_4/center/1479425812145715418.jpg, 0.409904297997, 2
HMB_4/center/1479425812345742583.jpg, 0.365203864667, 2
HMB_4/center/1479425812395634069.jpg, 0.338041075292, 2
HMB_4/center/1479425812445639347.jpg, 0.307346633205, 2
HMB_4/center/1479425812495714465.jpg, 0.273495590348, 2
HMB_4/center/1479425812545764096.jpg, 0.241426157121, 2
HMB_4/center/1479425812595687264.jpg, 0.216411870437, 2
HMB_4/center/1479425812645739580.jpg, 0.20769418776, 2
HMB_4/center/1479425812845827040.jpg, 0.226753724664, 2
HMB_4/center/1479425812895744271.jpg, 0.225147470832, 2
HMB_4/center/1479425812945905778.jpg, 0.221365462254, 2
HMB_4/center/1479425812995754388.jpg, 0.209932393305, 2
HMB_4/center/1479425813045797805.jpg, 0.196727398379, 2
HMB_4/center/1479425813095863355.jpg, 0.183017733651, 2
HMB_4/center/1479425813145860873.jpg, 0.178134732149, 2
HMB_4/center/1479425813345883406.jpg, 0.225499489309, 2
HMB_4/center/1479425813395845982.jpg, 0.231976652142, 2
HMB_4/center/1479425813445921251.jpg, 0.214148573874, 2
HMB_4/center/1479425813495913987.jpg, 0.188089567649, 2
HMB_4/center/1479425813545888977.jpg, 0.163771987162, 2
HMB_4/center/1479425813595970087.jpg, 0.144637494487, 2
HMB_4/center/1479425813645977063.jpg, 0.127205999565, 2
HMB_4/center/1479425813845979414.jpg, 0.0749887268956, 2
HMB_4/center/1479425813895967925.jpg, 0.0636626170482, 2
HMB_4/center/1479425813945959406.jpg, 0.0523563723607, 2
HMB_4/center/1479425813995967791.jpg, 0.0488692186773, 2
HMB_4/center/1479425814045975314.jpg, 0.0488692186773, 2
HMB_4/center/1479425814096052747.jpg, 0.0488692186773, 2
HMB_4/center/1479425814146075591.jpg, 0.0488692186773, 2
HMB_4/center/1479425814346048064.jpg, 0.0627830146041, 2
HMB_4/center/1479425814396040965.jpg, 0.0620145199751, 2
HMB_4/center/1479425814446097370.jpg, 0.0610865242779, 2
HMB_4/center/1479425814496055478.jpg, 0.0626929322276, 2
HMB_4/center/1479425814546019264.jpg, 0.0714014185214, 2
HMB_4/center/1479425814596059768.jpg, 0.0785398185253, 2
HMB_4/center/1479425814646268239.jpg, 0.0785398185253, 2
HMB_4/center/1479425814846154027.jpg, 0.0436332300305, 2
HMB_4/center/1479425814896189358.jpg, 0.0436332300305, 2
HMB_4/center/1479425814946148600.jpg, 0.0436332300305, 2
HMB_4/center/1479425814996185254.jpg, 0.0436332300305, 2
HMB_4/center/1479425815046199398.jpg, 0.0420414365694, 2
HMB_4/center/1479425815096127317.jpg, 0.0359427528018, 2
HMB_4/center/1479425815146139801.jpg, 0.0331612564623, 2
HMB_4/center/1479425815346172665.jpg, 0.0141443109253, 1
HMB_4/center/1479425815396258700.jpg, 0.00493864491067, 1
HMB_4/center/1479425815446228725.jpg, -0.00794728912216, 1
HMB_4/center/1479425815496238297.jpg, -0.0253143325284, 0
HMB_4/center/1479425815546406997.jpg, -0.0395617398598, 0
HMB_4/center/1479425815596159287.jpg, -0.03602063287, 0
HMB_4/center/1479425815646414736.jpg, -0.0203050859818, 0
HMB_4/center/1479425815846419486.jpg, 0.0488692186773, 2
HMB_4/center/1479425815896272247.jpg, 0.0447784845918, 2
HMB_4/center/1479425815946436212.jpg, 0.0386453901061, 2
HMB_4/center/1479425815996316634.jpg, 0.0360526144072, 2
HMB_4/center/1479425816046414328.jpg, 0.0316902298516, 2
HMB_4/center/1479425816096378096.jpg, 0.0267551928328, 2
HMB_4/center/1479425816146385901.jpg, 0.0165645451985, 1
HMB_4/center/1479425816346386245.jpg, -0.0185652478895, 1
HMB_4/center/1479425816396369075.jpg, -0.0279252678156, 0
HMB_4/center/1479425816446436075.jpg, -0.0279252678156, 0
HMB_4/center/1479425816496361034.jpg, -0.0256420460851, 0
HMB_4/center/1479425816546474954.jpg, -0.0226892810315, 0
HMB_4/center/1479425816596384183.jpg, -0.0226892810315, 0
HMB_4/center/1479425816646429840.jpg, -0.0226892810315, 0
HMB_4/center/1479425816846516974.jpg, -0.0261799395084, 0
HMB_4/center/1479425816896453480.jpg, -0.0244346093386, 0
HMB_4/center/1479425816946474873.jpg, -0.0226892810315, 0
HMB_4/center/1479425816996500726.jpg, -0.0217417586189, 0
HMB_4/center/1479425817046472345.jpg, -0.00861623264626, 1
HMB_4/center/1479425817097075409.jpg, 0.00851306272691, 1
HMB_4/center/1479425817146591569.jpg, 0.0205317835828, 2
HMB_4/center/1479425817346561031.jpg, 0.000445194228425, 1
HMB_4/center/1479425817396558214.jpg, -0.0039133594058, 1
HMB_4/center/1479425817446556674.jpg, -0.00523598771542, 1
HMB_4/center/1479425817496579615.jpg, -0.00523598771542, 1
HMB_4/center/1479425817546540868.jpg, -0.00650461910022, 1
HMB_4/center/1479425817596564749.jpg, -0.0126095936277, 1
HMB_4/center/1479425817646562451.jpg, -0.0199671969679, 1
HMB_4/center/1479425817846644469.jpg, -0.0548195905661, 0
HMB_4/center/1479425817896632844.jpg, -0.0558505356312, 0
HMB_4/center/1479425817946695564.jpg, -0.0558505356312, 0
HMB_4/center/1479425817996883174.jpg, -0.054105207324, 0
HMB_4/center/1479425818046695979.jpg, -0.0528939188438, 0
HMB_4/center/1479425818096692621.jpg, -0.0482114169201, 0
HMB_4/center/1479425818146685902.jpg, -0.0406930270499, 0
HMB_4/center/1479425818346740685.jpg, -0.0413034159769, 0
HMB_4/center/1479425818396749536.jpg, -0.0494483055674, 0
HMB_4/center/1479425818446774260.jpg, -0.0581471806985, 0
HMB_4/center/1479425818496745729.jpg, -0.0723859368581, 0
HMB_4/center/1479425818546744336.jpg, -0.0860490506737, 0
HMB_4/center/1479425818596735730.jpg, -0.0965141012409, 0
HMB_4/center/1479425818646812475.jpg, -0.103484372045, 0
HMB_4/center/1479425818846786426.jpg, -0.105819927373, 0
HMB_4/center/1479425818896846966.jpg, -0.10866415359, 0
HMB_4/center/1479425818946847222.jpg, -0.118465795057, 0
HMB_4/center/1479425818996822767.jpg, -0.131317987948, 0
HMB_4/center/1479425819046807278.jpg, -0.145258673278, 0
HMB_4/center/1479425819096854670.jpg, -0.157861603371, 0
HMB_4/center/1479425819146791733.jpg, -0.169663088149, 0
HMB_4/center/1479425819346820824.jpg, -0.179768919945, 0
HMB_4/center/1479425819396903440.jpg, -0.18183170636, 0
HMB_4/center/1479425819446971079.jpg, -0.193301592601, 0
HMB_4/center/1479425819496917003.jpg, -0.210151455925, 0
HMB_4/center/1479425819546931602.jpg, -0.229192414723, 0
HMB_4/center/1479425819596973992.jpg, -0.240989167685, 0
HMB_4/center/1479425819646898677.jpg, -0.242600768805, 0
HMB_4/center/1479425819846935244.jpg, -0.229605435829, 0
HMB_4/center/1479425819896970042.jpg, -0.235710829236, 0
HMB_4/center/1479425819946975265.jpg, -0.241801896894, 0
HMB_4/center/1479425819997000117.jpg, -0.246091425419, 0
HMB_4/center/1479425820046999221.jpg, -0.246091425419, 0
HMB_4/center/1479425820096990317.jpg, -0.242540051259, 0
HMB_4/center/1479425820147104338.jpg, -0.237364783883, 0
HMB_4/center/1479425820347011694.jpg, -0.250527763523, 0
HMB_4/center/1479425820397081704.jpg, -0.260067500736, 0
HMB_4/center/1479425820447084869.jpg, -0.267923879562, 0
HMB_4/center/1479425820497015285.jpg, -0.272271364927, 0
HMB_4/center/1479425820547180123.jpg, -0.272271364927, 0
HMB_4/center/1479425820597066585.jpg, -0.272271364927, 0
HMB_4/center/1479425820647146544.jpg, -0.271391537257, 0
HMB_4/center/1479425820847110236.jpg, -0.284488677979, 0
HMB_4/center/1479425820897153958.jpg, -0.284488677979, 0
HMB_4/center/1479425820947189878.jpg, -0.284488677979, 0
HMB_4/center/1479425820997178371.jpg, -0.284488677979, 0
HMB_4/center/1479425821047172558.jpg, -0.28274333477, 0
HMB_4/center/1479425821097169782.jpg, -0.284417532332, 0
HMB_4/center/1479425821147231226.jpg, -0.284488677979, 0
HMB_4/center/1479425821347222987.jpg, -0.285463344223, 0
HMB_4/center/1479425821397240774.jpg, -0.284488677979, 0
HMB_4/center/1479425821447251759.jpg, -0.281986360699, 0
HMB_4/center/1479425821497298009.jpg, -0.277627734263, 0
HMB_4/center/1479425821547305983.jpg, -0.273269499347, 0
HMB_4/center/1479425821597283633.jpg, -0.267305277606, 0
HMB_4/center/1479425821647303081.jpg, -0.262811299586, 0
HMB_4/center/1479425821847288437.jpg, -0.261799395084, 0
HMB_4/center/1479425821897378553.jpg, -0.261799395084, 0
HMB_4/center/1479425821947360623.jpg, -0.261104746396, 0
HMB_4/center/1479425821997422689.jpg, -0.261611917979, 0
HMB_4/center/1479425822047364197.jpg, -0.261799395084, 0
HMB_4/center/1479425822097406966.jpg, -0.261799395084, 0
HMB_4/center/1479425822147348545.jpg, -0.262462446137, 0
HMB_4/center/1479425822347386632.jpg, -0.27290920574, 0
HMB_4/center/1479425822397458301.jpg, -0.277270735286, 0
HMB_4/center/1479425822447404032.jpg, -0.280502125703, 0
HMB_4/center/1479425822497485293.jpg, -0.284231465765, 0
HMB_4/center/1479425822547503705.jpg, -0.293326727649, 0
HMB_4/center/1479425822597553736.jpg, -0.30615254515, 0
HMB_4/center/1479425822647436026.jpg, -0.32178173802, 0
HMB_4/center/1479425822847568912.jpg, -0.362449175821, 0
HMB_4/center/1479425822897560430.jpg, -0.35490372974, 0
HMB_4/center/1479425822947501649.jpg, -0.338664674198, 0
HMB_4/center/1479425822997585504.jpg, -0.32557065374, 0
HMB_4/center/1479425823047573602.jpg, -0.313060186146, 0
HMB_4/center/1479425823097576818.jpg, -0.307177960873, 0
HMB_4/center/1479425823147565277.jpg, -0.30194196105, 0
HMB_4/center/1479425823347569106.jpg, -0.283055354617, 0
HMB_4/center/1479425823397584906.jpg, -0.265410206766, 0
HMB_4/center/1479425823447669041.jpg, -0.245924725268, 0
HMB_4/center/1479425823497579786.jpg, -0.232908110251, 0
HMB_4/center/1479425823547589789.jpg, -0.226892799139, 0
HMB_4/center/1479425823597633133.jpg, -0.228241964633, 0
HMB_4/center/1479425823647648199.jpg, -0.234330051985, 0
HMB_4/center/1479425823847640982.jpg, -0.242600768805, 0
HMB_4/center/1479425823897759331.jpg, -0.242600768805, 0
HMB_4/center/1479425823947763841.jpg, -0.242600768805, 0
HMB_4/center/1479425823997727455.jpg, -0.243898288332, 0
HMB_4/center/1479425824047700331.jpg, -0.243932678787, 0
HMB_4/center/1479425824097731133.jpg, -0.240078602877, 0
HMB_4/center/1479425824147817190.jpg, -0.23135072145, 0
HMB_4/center/1479425824347847328.jpg, -0.208789070288, 0
HMB_4/center/1479425824397773480.jpg, -0.221838658737, 0
HMB_4/center/1479425824447850012.jpg, -0.244352634741, 0
HMB_4/center/1479425824497804620.jpg, -0.266130333407, 0
HMB_4/center/1479425824547821866.jpg, -0.277844652864, 0
HMB_4/center/1479425824597825072.jpg, -0.278053565075, 0
HMB_4/center/1479425824647770772.jpg, -0.27132323473, 0
HMB_4/center/1479425824847869856.jpg, -0.281551791087, 0
HMB_4/center/1479425824897872589.jpg, -0.292045089997, 0
HMB_4/center/1479425824947866374.jpg, -0.296423009679, 0
HMB_4/center/1479425824997888714.jpg, -0.290918823521, 0
HMB_4/center/1479425825047868708.jpg, -0.276435569543, 0
HMB_4/center/1479425825097917294.jpg, -0.25898797936, 0
HMB_4/center/1479425825147878724.jpg, -0.239831884433, 0
HMB_4/center/1479425825347941720.jpg, -0.24306980324, 0
HMB_4/center/1479425825398026878.jpg, -0.251792951788, 0
HMB_4/center/1479425825448026861.jpg, -0.256791100161, 0
HMB_4/center/1479425825498080043.jpg, -0.262236566882, 0
HMB_4/center/1479425825548211803.jpg, -0.271213939919, 0
HMB_4/center/1479425825597986783.jpg, -0.287040020995, 0
HMB_4/center/1479425825648011095.jpg, -0.300788188186, 0
HMB_4/center/1479425825847981714.jpg, -0.338760396066, 0
HMB_4/center/1479425825898112965.jpg, -0.341039538291, 0
HMB_4/center/1479425825948062248.jpg, -0.330975015083, 0
HMB_4/center/1479425825998052575.jpg, -0.311801826922, 0
HMB_4/center/1479425826048069240.jpg, -0.29306800075, 0
HMB_4/center/1479425826098033078.jpg, -0.292478339562, 0
HMB_4/center/1479425826148089905.jpg, -0.302204761099, 0
HMB_4/center/1479425826348161754.jpg, -0.282630743966, 0
HMB_4/center/1479425826398150672.jpg, -0.280998021364, 0
HMB_4/center/1479425826448108330.jpg, -0.279157344976, 0
HMB_4/center/1479425826498208407.jpg, -0.271111582405, 0
HMB_4/center/1479425826548165449.jpg, -0.254487195112, 0
HMB_4/center/1479425826598121927.jpg, -0.239782231495, 0
HMB_4/center/1479425826648228058.jpg, -0.232052025186, 0
HMB_4/center/1479425826848223907.jpg, -0.235619455576, 0
HMB_4/center/1479425826898187114.jpg, -0.235619455576, 0
HMB_4/center/1479425826948276852.jpg, -0.235619455576, 0
HMB_4/center/1479425826998277547.jpg, -0.23651792308, 0
HMB_4/center/1479425827048241564.jpg, -0.23911011219, 0
HMB_4/center/1479425827098225874.jpg, -0.23911011219, 0
HMB_4/center/1479425827148280459.jpg, -0.235611292262, 0
HMB_4/center/1479425827347912456.jpg, -0.226892799139, 0
HMB_4/center/1479425827397928231.jpg, -0.226892799139, 0
HMB_4/center/1479425827448059778.jpg, -0.225217448092, 0
HMB_4/center/1479425827497972976.jpg, -0.222608469428, 0
HMB_4/center/1479425827548024174.jpg, -0.218256829222, 0
HMB_4/center/1479425827598117922.jpg, -0.220546591427, 0
HMB_4/center/1479425827648218948.jpg, -0.243748715921, 0
HMB_4/center/1479425827848182261.jpg, -0.343829870224, 0
HMB_4/center/1479425827898160870.jpg, -0.341322898429, 0
HMB_4/center/1479425827948234224.jpg, -0.335452396613, 0
HMB_4/center/1479425827998242547.jpg, -0.324133909144, 0
HMB_4/center/1479425828048202056.jpg, -0.311086958379, 0
HMB_4/center/1479425828098307133.jpg, -0.300720453787, 0
HMB_4/center/1479425828148251008.jpg, -0.29161035235, 0
HMB_4/center/1479425828348249420.jpg, -0.281334593793, 0
HMB_4/center/1479425828398359544.jpg, -0.271567147944, 0
HMB_4/center/1479425828448272789.jpg, -0.267218366906, 0
HMB_4/center/1479425828498313000.jpg, -0.26354470849, 0
